season,round_num,event_name,country,location,event_date
1950,1,British Grand Prix,UK,Silverstone,
1950,2,Monaco Grand Prix,Monaco,Monte-Carlo,
1950,3,Indianapolis 500,USA,Indianapolis,
1950,4,Swiss Grand Prix,Switzerland,Bern,
1950,5,Belgian Grand Prix,Belgium,Spa,
1950,6,French Grand Prix,France,Reims,
1950,7,Italian Grand Prix,Italy,Monza,
1951,1,Swiss Grand Prix,Switzerland,Bern,
1951,2,Indianapolis 500,USA,Indianapolis,
1951,3,Belgian Grand Prix,Belgium,Spa,
1951,4,French Grand Prix,France,Reims,
1951,5,British Grand Prix,UK,Silverstone,
1951,6,German Grand Prix,Germany,Nürburg,
1951,7,Italian Grand Prix,Italy,Monza,
1951,8,Spanish Grand Prix,Spain,Barcelona,
1952,1,Swiss Grand Prix,Switzerland,Bern,
1952,2,Indianapolis 500,USA,Indianapolis,
1952,3,Belgian Grand Prix,Belgium,Spa,
1952,4,French Grand Prix,France,Rouen,
1952,5,British Grand Prix,UK,Silverstone,
1952,6,German Grand Prix,Germany,Nürburg,
1952,7,Dutch Grand Prix,Netherlands,Zandvoort,
1952,8,Italian Grand Prix,Italy,Monza,
1953,1,Argentine Grand Prix,Argentina,Buenos Aires,
1953,2,Indianapolis 500,USA,Indianapolis,
1953,3,Dutch Grand Prix,Netherlands,Zandvoort,
1953,4,Belgian Grand Prix,Belgium,Spa,
1953,5,French Grand Prix,France,Reims,
1953,6,British Grand Prix,UK,Silverstone,
1953,7,German Grand Prix,Germany,Nürburg,
1953,8,Swiss Grand Prix,Switzerland,Bern,
1953,9,Italian Grand Prix,Italy,Monza,
1954,1,Argentine Grand Prix,Argentina,Buenos Aires,
1954,2,Indianapolis 500,USA,Indianapolis,
1954,3,Belgian Grand Prix,Belgium,Spa,
1954,4,French Grand Prix,France,Reims,
1954,5,British Grand Prix,UK,Silverstone,
1954,6,German Grand Prix,Germany,Nürburg,
1954,7,Swiss Grand Prix,Switzerland,Bern,
1954,8,Italian Grand Prix,Italy,Monza,
1954,9,Spanish Grand Prix,Spain,Barcelona,
1955,1,Argentine Grand Prix,Argentina,Buenos Aires,
1955,2,Monaco Grand Prix,Monaco,Monte-Carlo,
1955,3,Indianapolis 500,USA,Indianapolis,
1955,4,Belgian Grand Prix,Belgium,Spa,
1955,5,Dutch Grand Prix,Netherlands,Zandvoort,
1955,6,British Grand Prix,UK,Liverpool,
1955,7,Italian Grand Prix,Italy,Monza,
1956,1,Argentine Grand Prix,Argentina,Buenos Aires,
1956,2,Monaco Grand Prix,Monaco,Monte-Carlo,
1956,3,Indianapolis 500,USA,Indianapolis,
1956,4,Belgian Grand Prix,Belgium,Spa,
1956,5,French Grand Prix,France,Reims,
1956,6,British Grand Prix,UK,Silverstone,
1956,7,German Grand Prix,Germany,Nürburg,
1956,8,Italian Grand Prix,Italy,Monza,
1957,1,Argentine Grand Prix,Argentina,Buenos Aires,
1957,2,Monaco Grand Prix,Monaco,Monte-Carlo,
1957,3,Indianapolis 500,USA,Indianapolis,
1957,4,French Grand Prix,France,Rouen,
1957,5,British Grand Prix,UK,Liverpool,
1957,6,German Grand Prix,Germany,Nürburg,
1957,7,Pescara Grand Prix,Italy,Pescara,
1957,8,Italian Grand Prix,Italy,Monza,
1958,1,Argentine Grand Prix,Argentina,Buenos Aires,
1958,2,Monaco Grand Prix,Monaco,Monte-Carlo,
1958,3,Dutch Grand Prix,Netherlands,Zandvoort,
1958,4,Indianapolis 500,USA,Indianapolis,
1958,5,Belgian Grand Prix,Belgium,Spa,
1958,6,French Grand Prix,France,Reims,
1958,7,British Grand Prix,UK,Silverstone,
1958,8,German Grand Prix,Germany,Nürburg,
1958,9,Portuguese Grand Prix,Portugal,Oporto,
1958,10,Italian Grand Prix,Italy,Monza,
1958,11,Moroccan Grand Prix,Morocco,Casablanca,
1959,1,Monaco Grand Prix,Monaco,Monte-Carlo,
1959,2,Indianapolis 500,USA,Indianapolis,
1959,3,Dutch Grand Prix,Netherlands,Zandvoort,
1959,4,French Grand Prix,France,Reims,
1959,5,British Grand Prix,UK,Liverpool,
1959,6,German Grand Prix,Germany,Berlin,
1959,7,Portuguese Grand Prix,Portugal,Lisbon,
1959,8,Italian Grand Prix,Italy,Monza,
1959,9,United States Grand Prix,USA,Florida,
1960,1,Argentine Grand Prix,Argentina,Buenos Aires,
1960,2,Monaco Grand Prix,Monaco,Monte-Carlo,
1960,3,Indianapolis 500,USA,Indianapolis,
1960,4,Dutch Grand Prix,Netherlands,Zandvoort,
1960,5,Belgian Grand Prix,Belgium,Spa,
1960,6,French Grand Prix,France,Reims,
1960,7,British Grand Prix,UK,Silverstone,
1960,8,Portuguese Grand Prix,Portugal,Oporto,
1960,9,Italian Grand Prix,Italy,Monza,
1960,10,United States Grand Prix,USA,California,
1961,1,Monaco Grand Prix,Monaco,Monte-Carlo,
1961,2,Dutch Grand Prix,Netherlands,Zandvoort,
1961,3,Belgian Grand Prix,Belgium,Spa,
1961,4,French Grand Prix,France,Reims,
1961,5,British Grand Prix,UK,Liverpool,
1961,6,German Grand Prix,Germany,Nürburg,
1961,7,Italian Grand Prix,Italy,Monza,
1961,8,United States Grand Prix,USA,New York State,
1962,1,Dutch Grand Prix,Netherlands,Zandvoort,
1962,2,Monaco Grand Prix,Monaco,Monte-Carlo,
1962,3,Belgian Grand Prix,Belgium,Spa,
1962,4,French Grand Prix,France,Rouen,
1962,5,British Grand Prix,UK,Liverpool,
1962,6,German Grand Prix,Germany,Nürburg,
1962,7,Italian Grand Prix,Italy,Monza,
1962,8,United States Grand Prix,USA,New York State,
1962,9,South African Grand Prix,South Africa,Eastern Cape Province,
1963,1,Monaco Grand Prix,Monaco,Monte-Carlo,
1963,2,Belgian Grand Prix,Belgium,Spa,
1963,3,Dutch Grand Prix,Netherlands,Zandvoort,
1963,4,French Grand Prix,France,Reims,
1963,5,British Grand Prix,UK,Silverstone,
1963,6,German Grand Prix,Germany,Nürburg,
1963,7,Italian Grand Prix,Italy,Monza,
1963,8,United States Grand Prix,USA,New York State,
1963,9,Mexican Grand Prix,Mexico,Mexico City,
1963,10,South African Grand Prix,South Africa,Eastern Cape Province,
1964,1,Monaco Grand Prix,Monaco,Monte-Carlo,
1964,2,Dutch Grand Prix,Netherlands,Zandvoort,
1964,3,Belgian Grand Prix,Belgium,Spa,
1964,4,French Grand Prix,France,Rouen,
1964,5,British Grand Prix,UK,Kent,
1964,6,German Grand Prix,Germany,Nürburg,
1964,7,Austrian Grand Prix,Austria,Styria,
1964,8,Italian Grand Prix,Italy,Monza,
1964,9,United States Grand Prix,USA,New York State,
1964,10,Mexican Grand Prix,Mexico,Mexico City,
1965,1,South African Grand Prix,South Africa,Eastern Cape Province,
1965,2,Monaco Grand Prix,Monaco,Monte-Carlo,
1965,3,Belgian Grand Prix,Belgium,Spa,
1965,4,French Grand Prix,France,Clermont-Ferrand,
1965,5,British Grand Prix,UK,Silverstone,
1965,6,Dutch Grand Prix,Netherlands,Zandvoort,
1965,7,German Grand Prix,Germany,Nürburg,
1965,8,Italian Grand Prix,Italy,Monza,
1965,9,United States Grand Prix,USA,New York State,
1965,10,Mexican Grand Prix,Mexico,Mexico City,
1966,1,Monaco Grand Prix,Monaco,Monte-Carlo,
1966,2,Belgian Grand Prix,Belgium,Spa,
1966,3,French Grand Prix,France,Reims,
1966,4,British Grand Prix,UK,Kent,
1966,5,Dutch Grand Prix,Netherlands,Zandvoort,
1966,6,German Grand Prix,Germany,Nürburg,
1966,7,Italian Grand Prix,Italy,Monza,
1966,8,United States Grand Prix,USA,New York State,
1966,9,Mexican Grand Prix,Mexico,Mexico City,
1967,1,South African Grand Prix,South Africa,Midrand,
1967,2,Monaco Grand Prix,Monaco,Monte-Carlo,
1967,3,Dutch Grand Prix,Netherlands,Zandvoort,
1967,4,Belgian Grand Prix,Belgium,Spa,
1967,5,French Grand Prix,France,Le Mans,
1967,6,British Grand Prix,UK,Silverstone,
1967,7,German Grand Prix,Germany,Nürburg,
1967,8,Canadian Grand Prix,Canada,Ontario,
1967,9,Italian Grand Prix,Italy,Monza,
1967,10,United States Grand Prix,USA,New York State,
1967,11,Mexican Grand Prix,Mexico,Mexico City,
1968,1,South African Grand Prix,South Africa,Midrand,
1968,2,Spanish Grand Prix,Spain,Madrid,
1968,3,Monaco Grand Prix,Monaco,Monte-Carlo,
1968,4,Belgian Grand Prix,Belgium,Spa,
1968,5,Dutch Grand Prix,Netherlands,Zandvoort,
1968,6,French Grand Prix,France,Rouen,
1968,7,British Grand Prix,UK,Kent,
1968,8,German Grand Prix,Germany,Nürburg,
1968,9,Italian Grand Prix,Italy,Monza,
1968,10,Canadian Grand Prix,Canada,Quebec,
1968,11,United States Grand Prix,USA,New York State,
1968,12,Mexican Grand Prix,Mexico,Mexico City,
1969,1,South African Grand Prix,South Africa,Midrand,
1969,2,Spanish Grand Prix,Spain,Barcelona,
1969,3,Monaco Grand Prix,Monaco,Monte-Carlo,
1969,4,Dutch Grand Prix,Netherlands,Zandvoort,
1969,5,French Grand Prix,France,Clermont-Ferrand,
1969,6,British Grand Prix,UK,Silverstone,
1969,7,German Grand Prix,Germany,Nürburg,
1969,8,Italian Grand Prix,Italy,Monza,
1969,9,Canadian Grand Prix,Canada,Ontario,
1969,10,United States Grand Prix,USA,New York State,
1969,11,Mexican Grand Prix,Mexico,Mexico City,
1970,1,South African Grand Prix,South Africa,Midrand,
1970,2,Spanish Grand Prix,Spain,Madrid,
1970,3,Monaco Grand Prix,Monaco,Monte-Carlo,
1970,4,Belgian Grand Prix,Belgium,Spa,
1970,5,Dutch Grand Prix,Netherlands,Zandvoort,
1970,6,French Grand Prix,France,Clermont-Ferrand,
1970,7,British Grand Prix,UK,Kent,
1970,8,German Grand Prix,Germany,Hockenheim,
1970,9,Austrian Grand Prix,Austria,Spielberg,
1970,10,Italian Grand Prix,Italy,Monza,
1970,11,Canadian Grand Prix,Canada,Quebec,
1970,12,United States Grand Prix,USA,New York State,
1970,13,Mexican Grand Prix,Mexico,Mexico City,
1971,1,South African Grand Prix,South Africa,Midrand,
1971,2,Spanish Grand Prix,Spain,Barcelona,
1971,3,Monaco Grand Prix,Monaco,Monte-Carlo,
1971,4,Dutch Grand Prix,Netherlands,Zandvoort,
1971,5,French Grand Prix,France,Le Castellet,
1971,6,British Grand Prix,UK,Silverstone,
1971,7,German Grand Prix,Germany,Nürburg,
1971,8,Austrian Grand Prix,Austria,Spielberg,
1971,9,Italian Grand Prix,Italy,Monza,
1971,10,Canadian Grand Prix,Canada,Ontario,
1971,11,United States Grand Prix,USA,New York State,
1972,1,Argentine Grand Prix,Argentina,Buenos Aires,
1972,2,South African Grand Prix,South Africa,Midrand,
1972,3,Spanish Grand Prix,Spain,Madrid,
1972,4,Monaco Grand Prix,Monaco,Monte-Carlo,
1972,5,Belgian Grand Prix,Belgium,Brussels,
1972,6,French Grand Prix,France,Clermont-Ferrand,
1972,7,British Grand Prix,UK,Kent,
1972,8,German Grand Prix,Germany,Nürburg,
1972,9,Austrian Grand Prix,Austria,Spielberg,
1972,10,Italian Grand Prix,Italy,Monza,
1972,11,Canadian Grand Prix,Canada,Ontario,
1972,12,United States Grand Prix,USA,New York State,
1973,1,Argentine Grand Prix,Argentina,Buenos Aires,
1973,2,Brazilian Grand Prix,Brazil,São Paulo,
1973,3,South African Grand Prix,South Africa,Midrand,
1973,4,Spanish Grand Prix,Spain,Barcelona,
1973,5,Belgian Grand Prix,Belgium,Heusden-Zolder,
1973,6,Monaco Grand Prix,Monaco,Monte-Carlo,
1973,7,Swedish Grand Prix,Sweden,Anderstorp,
1973,8,French Grand Prix,France,Le Castellet,
1973,9,British Grand Prix,UK,Silverstone,
1973,10,Dutch Grand Prix,Netherlands,Zandvoort,
1973,11,German Grand Prix,Germany,Nürburg,
1973,12,Austrian Grand Prix,Austria,Spielberg,
1973,13,Italian Grand Prix,Italy,Monza,
1973,14,Canadian Grand Prix,Canada,Ontario,
1973,15,United States Grand Prix,USA,New York State,
1974,1,Argentine Grand Prix,Argentina,Buenos Aires,
1974,2,Brazilian Grand Prix,Brazil,São Paulo,
1974,3,South African Grand Prix,South Africa,Midrand,
1974,4,Spanish Grand Prix,Spain,Madrid,
1974,5,Belgian Grand Prix,Belgium,Brussels,
1974,6,Monaco Grand Prix,Monaco,Monte-Carlo,
1974,7,Swedish Grand Prix,Sweden,Anderstorp,
1974,8,Dutch Grand Prix,Netherlands,Zandvoort,
1974,9,French Grand Prix,France,Dijon,
1974,10,British Grand Prix,UK,Kent,
1974,11,German Grand Prix,Germany,Nürburg,
1974,12,Austrian Grand Prix,Austria,Spielberg,
1974,13,Italian Grand Prix,Italy,Monza,
1974,14,Canadian Grand Prix,Canada,Ontario,
1974,15,United States Grand Prix,USA,New York State,
1975,1,Argentine Grand Prix,Argentina,Buenos Aires,
1975,2,Brazilian Grand Prix,Brazil,São Paulo,
1975,3,South African Grand Prix,South Africa,Midrand,
1975,4,Spanish Grand Prix,Spain,Barcelona,
1975,5,Monaco Grand Prix,Monaco,Monte-Carlo,
1975,6,Belgian Grand Prix,Belgium,Heusden-Zolder,
1975,7,Swedish Grand Prix,Sweden,Anderstorp,
1975,8,Dutch Grand Prix,Netherlands,Zandvoort,
1975,9,French Grand Prix,France,Le Castellet,
1975,10,British Grand Prix,UK,Silverstone,
1975,11,German Grand Prix,Germany,Nürburg,
1975,12,Austrian Grand Prix,Austria,Spielberg,
1975,13,Italian Grand Prix,Italy,Monza,
1975,14,United States Grand Prix,USA,New York State,
1976,1,Brazilian Grand Prix,Brazil,São Paulo,
1976,2,South African Grand Prix,South Africa,Midrand,
1976,3,United States Grand Prix West,USA,California,
1976,4,Spanish Grand Prix,Spain,Madrid,
1976,5,Belgian Grand Prix,Belgium,Heusden-Zolder,
1976,6,Monaco Grand Prix,Monaco,Monte-Carlo,
1976,7,Swedish Grand Prix,Sweden,Anderstorp,
1976,8,French Grand Prix,France,Le Castellet,
1976,9,British Grand Prix,UK,Kent,
1976,10,German Grand Prix,Germany,Nürburg,
1976,11,Austrian Grand Prix,Austria,Spielberg,
1976,12,Dutch Grand Prix,Netherlands,Zandvoort,
1976,13,Italian Grand Prix,Italy,Monza,
1976,14,Canadian Grand Prix,Canada,Ontario,
1976,15,United States Grand Prix,USA,New York State,
1976,16,Japanese Grand Prix,Japan,Oyama,
1977,1,Argentine Grand Prix,Argentina,Buenos Aires,
1977,2,Brazilian Grand Prix,Brazil,São Paulo,
1977,3,South African Grand Prix,South Africa,Midrand,
1977,4,United States Grand Prix West,USA,California,
1977,5,Spanish Grand Prix,Spain,Madrid,
1977,6,Monaco Grand Prix,Monaco,Monte-Carlo,
1977,7,Belgian Grand Prix,Belgium,Heusden-Zolder,
1977,8,Swedish Grand Prix,Sweden,Anderstorp,
1977,9,French Grand Prix,France,Dijon,
1977,10,British Grand Prix,UK,Silverstone,
1977,11,German Grand Prix,Germany,Hockenheim,
1977,12,Austrian Grand Prix,Austria,Spielberg,
1977,13,Dutch Grand Prix,Netherlands,Zandvoort,
1977,14,Italian Grand Prix,Italy,Monza,
1977,15,United States Grand Prix,USA,New York State,
1977,16,Canadian Grand Prix,Canada,Ontario,
1977,17,Japanese Grand Prix,Japan,Oyama,
1978,1,Argentine Grand Prix,Argentina,Buenos Aires,
1978,2,Brazilian Grand Prix,Brazil,Rio de Janeiro,
1978,3,South African Grand Prix,South Africa,Midrand,
1978,4,United States Grand Prix West,USA,California,
1978,5,Monaco Grand Prix,Monaco,Monte-Carlo,
1978,6,Belgian Grand Prix,Belgium,Heusden-Zolder,
1978,7,Spanish Grand Prix,Spain,Madrid,
1978,8,Swedish Grand Prix,Sweden,Anderstorp,
1978,9,French Grand Prix,France,Le Castellet,
1978,10,British Grand Prix,UK,Kent,
1978,11,German Grand Prix,Germany,Hockenheim,
1978,12,Austrian Grand Prix,Austria,Spielberg,
1978,13,Dutch Grand Prix,Netherlands,Zandvoort,
1978,14,Italian Grand Prix,Italy,Monza,
1978,15,United States Grand Prix,USA,New York State,
1978,16,Canadian Grand Prix,Canada,Montreal,
1979,1,Argentine Grand Prix,Argentina,Buenos Aires,
1979,2,Brazilian Grand Prix,Brazil,São Paulo,
1979,3,South African Grand Prix,South Africa,Midrand,
1979,4,United States Grand Prix West,USA,California,
1979,5,Spanish Grand Prix,Spain,Madrid,
1979,6,Belgian Grand Prix,Belgium,Heusden-Zolder,
1979,7,Monaco Grand Prix,Monaco,Monte-Carlo,
1979,8,French Grand Prix,France,Dijon,
1979,9,British Grand Prix,UK,Silverstone,
1979,10,German Grand Prix,Germany,Hockenheim,
1979,11,Austrian Grand Prix,Austria,Spielberg,
1979,12,Dutch Grand Prix,Netherlands,Zandvoort,
1979,13,Italian Grand Prix,Italy,Monza,
1979,14,Canadian Grand Prix,Canada,Montreal,
1979,15,United States Grand Prix,USA,New York State,
1980,1,Argentine Grand Prix,Argentina,Buenos Aires,
1980,2,Brazilian Grand Prix,Brazil,São Paulo,
1980,3,South African Grand Prix,South Africa,Midrand,
1980,4,United States Grand Prix West,USA,California,
1980,5,Belgian Grand Prix,Belgium,Heusden-Zolder,
1980,6,Monaco Grand Prix,Monaco,Monte-Carlo,
1980,7,French Grand Prix,France,Le Castellet,
1980,8,British Grand Prix,UK,Kent,
1980,9,German Grand Prix,Germany,Hockenheim,
1980,10,Austrian Grand Prix,Austria,Spielberg,
1980,11,Dutch Grand Prix,Netherlands,Zandvoort,
1980,12,Italian Grand Prix,Italy,Imola,
1980,13,Canadian Grand Prix,Canada,Montreal,
1980,14,United States Grand Prix,USA,New York State,
1981,1,United States Grand Prix West,USA,California,
1981,2,Brazilian Grand Prix,Brazil,Rio de Janeiro,
1981,3,Argentine Grand Prix,Argentina,Buenos Aires,
1981,4,San Marino Grand Prix,Italy,Imola,
1981,5,Belgian Grand Prix,Belgium,Heusden-Zolder,
1981,6,Monaco Grand Prix,Monaco,Monte-Carlo,
1981,7,Spanish Grand Prix,Spain,Madrid,
1981,8,French Grand Prix,France,Dijon,
1981,9,British Grand Prix,UK,Silverstone,
1981,10,German Grand Prix,Germany,Hockenheim,
1981,11,Austrian Grand Prix,Austria,Spielberg,
1981,12,Dutch Grand Prix,Netherlands,Zandvoort,
1981,13,Italian Grand Prix,Italy,Monza,
1981,14,Canadian Grand Prix,Canada,Montreal,
1981,15,Caesars Palace Grand Prix,USA,Nevada,
1982,1,South African Grand Prix,South Africa,Midrand,
1982,2,Brazilian Grand Prix,Brazil,Rio de Janeiro,
1982,3,United States Grand Prix West,USA,California,
1982,4,San Marino Grand Prix,Italy,Imola,
1982,5,Belgian Grand Prix,Belgium,Heusden-Zolder,
1982,6,Monaco Grand Prix,Monaco,Monte-Carlo,
1982,7,Detroit Grand Prix,USA,Detroit,
1982,8,Canadian Grand Prix,Canada,Montreal,
1982,9,Dutch Grand Prix,Netherlands,Zandvoort,
1982,10,British Grand Prix,UK,Kent,
1982,11,French Grand Prix,France,Le Castellet,
1982,12,German Grand Prix,Germany,Hockenheim,
1982,13,Austrian Grand Prix,Austria,Spielberg,
1982,14,Swiss Grand Prix,France,Dijon,
1982,15,Italian Grand Prix,Italy,Monza,
1982,16,Caesars Palace Grand Prix,USA,Nevada,
1983,1,Brazilian Grand Prix,Brazil,Rio de Janeiro,
1983,2,United States Grand Prix West,USA,California,
1983,3,French Grand Prix,France,Le Castellet,
1983,4,San Marino Grand Prix,Italy,Imola,
1983,5,Monaco Grand Prix,Monaco,Monte-Carlo,
1983,6,Belgian Grand Prix,Belgium,Spa,
1983,7,Detroit Grand Prix,USA,Detroit,
1983,8,Canadian Grand Prix,Canada,Montreal,
1983,9,British Grand Prix,UK,Silverstone,
1983,10,German Grand Prix,Germany,Hockenheim,
1983,11,Austrian Grand Prix,Austria,Spielberg,
1983,12,Dutch Grand Prix,Netherlands,Zandvoort,
1983,13,Italian Grand Prix,Italy,Monza,
1983,14,European Grand Prix,UK,Kent,
1983,15,South African Grand Prix,South Africa,Midrand,
1984,1,Brazilian Grand Prix,Brazil,Rio de Janeiro,
1984,2,South African Grand Prix,South Africa,Midrand,
1984,3,Belgian Grand Prix,Belgium,Heusden-Zolder,
1984,4,San Marino Grand Prix,Italy,Imola,
1984,5,French Grand Prix,France,Dijon,
1984,6,Monaco Grand Prix,Monaco,Monte-Carlo,
1984,7,Canadian Grand Prix,Canada,Montreal,
1984,8,Detroit Grand Prix,USA,Detroit,
1984,9,Dallas Grand Prix,USA,Dallas,
1984,10,British Grand Prix,UK,Kent,
1984,11,German Grand Prix,Germany,Hockenheim,
1984,12,Austrian Grand Prix,Austria,Spielberg,
1984,13,Dutch Grand Prix,Netherlands,Zandvoort,
1984,14,Italian Grand Prix,Italy,Monza,
1984,15,European Grand Prix,Germany,Nürburg,
1984,16,Portuguese Grand Prix,Portugal,Estoril,
1985,1,Brazilian Grand Prix,Brazil,Rio de Janeiro,
1985,2,Portuguese Grand Prix,Portugal,Estoril,
1985,3,San Marino Grand Prix,Italy,Imola,
1985,4,Monaco Grand Prix,Monaco,Monte-Carlo,
1985,5,Canadian Grand Prix,Canada,Montreal,
1985,6,Detroit Grand Prix,USA,Detroit,
1985,7,French Grand Prix,France,Le Castellet,
1985,8,British Grand Prix,UK,Silverstone,
1985,9,German Grand Prix,Germany,Nürburg,
1985,10,Austrian Grand Prix,Austria,Spielberg,
1985,11,Dutch Grand Prix,Netherlands,Zandvoort,
1985,12,Italian Grand Prix,Italy,Monza,
1985,13,Belgian Grand Prix,Belgium,Spa,
1985,14,European Grand Prix,UK,Kent,
1985,15,South African Grand Prix,South Africa,Midrand,
1985,16,Australian Grand Prix,Australia,Adelaide,
1986,1,Brazilian Grand Prix,Brazil,Rio de Janeiro,
1986,2,Spanish Grand Prix,Spain,Jerez de la Frontera,
1986,3,San Marino Grand Prix,Italy,Imola,
1986,4,Monaco Grand Prix,Monaco,Monte-Carlo,
1986,5,Belgian Grand Prix,Belgium,Spa,
1986,6,Canadian Grand Prix,Canada,Montreal,
1986,7,Detroit Grand Prix,USA,Detroit,
1986,8,French Grand Prix,France,Le Castellet,
1986,9,British Grand Prix,UK,Kent,
1986,10,German Grand Prix,Germany,Hockenheim,
1986,11,Hungarian Grand Prix,Hungary,Budapest,
1986,12,Austrian Grand Prix,Austria,Spielberg,
1986,13,Italian Grand Prix,Italy,Monza,
1986,14,Portuguese Grand Prix,Portugal,Estoril,
1986,15,Mexican Grand Prix,Mexico,Mexico City,
1986,16,Australian Grand Prix,Australia,Adelaide,
1987,1,Brazilian Grand Prix,Brazil,Rio de Janeiro,
1987,2,San Marino Grand Prix,Italy,Imola,
1987,3,Belgian Grand Prix,Belgium,Spa,
1987,4,Monaco Grand Prix,Monaco,Monte-Carlo,
1987,5,Detroit Grand Prix,USA,Detroit,
1987,6,French Grand Prix,France,Le Castellet,
1987,7,British Grand Prix,UK,Silverstone,
1987,8,German Grand Prix,Germany,Hockenheim,
1987,9,Hungarian Grand Prix,Hungary,Budapest,
1987,10,Austrian Grand Prix,Austria,Spielberg,
1987,11,Italian Grand Prix,Italy,Monza,
1987,12,Portuguese Grand Prix,Portugal,Estoril,
1987,13,Spanish Grand Prix,Spain,Jerez de la Frontera,
1987,14,Mexican Grand Prix,Mexico,Mexico City,
1987,15,Japanese Grand Prix,Japan,Suzuka,
1987,16,Australian Grand Prix,Australia,Adelaide,
1988,1,Brazilian Grand Prix,Brazil,Rio de Janeiro,
1988,2,San Marino Grand Prix,Italy,Imola,
1988,3,Monaco Grand Prix,Monaco,Monte-Carlo,
1988,4,Mexican Grand Prix,Mexico,Mexico City,
1988,5,Canadian Grand Prix,Canada,Montreal,
1988,6,Detroit Grand Prix,USA,Detroit,
1988,7,French Grand Prix,France,Le Castellet,
1988,8,British Grand Prix,UK,Silverstone,
1988,9,German Grand Prix,Germany,Hockenheim,
1988,10,Hungarian Grand Prix,Hungary,Budapest,
1988,11,Belgian Grand Prix,Belgium,Spa,
1988,12,Italian Grand Prix,Italy,Monza,
1988,13,Portuguese Grand Prix,Portugal,Estoril,
1988,14,Spanish Grand Prix,Spain,Jerez de la Frontera,
1988,15,Japanese Grand Prix,Japan,Suzuka,
1988,16,Australian Grand Prix,Australia,Adelaide,
1989,1,Brazilian Grand Prix,Brazil,Rio de Janeiro,
1989,2,San Marino Grand Prix,Italy,Imola,
1989,3,Monaco Grand Prix,Monaco,Monte-Carlo,
1989,4,Mexican Grand Prix,Mexico,Mexico City,
1989,5,United States Grand Prix,USA,Phoenix,
1989,6,Canadian Grand Prix,Canada,Montreal,
1989,7,French Grand Prix,France,Le Castellet,
1989,8,British Grand Prix,UK,Silverstone,
1989,9,German Grand Prix,Germany,Hockenheim,
1989,10,Hungarian Grand Prix,Hungary,Budapest,
1989,11,Belgian Grand Prix,Belgium,Spa,
1989,12,Italian Grand Prix,Italy,Monza,
1989,13,Portuguese Grand Prix,Portugal,Estoril,
1989,14,Spanish Grand Prix,Spain,Jerez de la Frontera,
1989,15,Japanese Grand Prix,Japan,Suzuka,
1989,16,Australian Grand Prix,Australia,Adelaide,
1990,1,United States Grand Prix,USA,Phoenix,
1990,2,Brazilian Grand Prix,Brazil,São Paulo,
1990,3,San Marino Grand Prix,Italy,Imola,
1990,4,Monaco Grand Prix,Monaco,Monte-Carlo,
1990,5,Canadian Grand Prix,Canada,Montreal,
1990,6,Mexican Grand Prix,Mexico,Mexico City,
1990,7,French Grand Prix,France,Le Castellet,
1990,8,British Grand Prix,UK,Silverstone,
1990,9,German Grand Prix,Germany,Hockenheim,
1990,10,Hungarian Grand Prix,Hungary,Budapest,
1990,11,Belgian Grand Prix,Belgium,Spa,
1990,12,Italian Grand Prix,Italy,Monza,
1990,13,Portuguese Grand Prix,Portugal,Estoril,
1990,14,Spanish Grand Prix,Spain,Jerez de la Frontera,
1990,15,Japanese Grand Prix,Japan,Suzuka,
1990,16,Australian Grand Prix,Australia,Adelaide,
1991,1,United States Grand Prix,USA,Phoenix,
1991,2,Brazilian Grand Prix,Brazil,São Paulo,
1991,3,San Marino Grand Prix,Italy,Imola,
1991,4,Monaco Grand Prix,Monaco,Monte-Carlo,
1991,5,Canadian Grand Prix,Canada,Montreal,
1991,6,Mexican Grand Prix,Mexico,Mexico City,
1991,7,French Grand Prix,France,Magny Cours,
1991,8,British Grand Prix,UK,Silverstone,
1991,9,German Grand Prix,Germany,Hockenheim,
1991,10,Hungarian Grand Prix,Hungary,Budapest,
1991,11,Belgian Grand Prix,Belgium,Spa,
1991,12,Italian Grand Prix,Italy,Monza,
1991,13,Portuguese Grand Prix,Portugal,Estoril,
1991,14,Spanish Grand Prix,Spain,Montmeló,
1991,15,Japanese Grand Prix,Japan,Suzuka,
1991,16,Australian Grand Prix,Australia,Adelaide,
1992,1,South African Grand Prix,South Africa,Midrand,
1992,2,Mexican Grand Prix,Mexico,Mexico City,
1992,3,Brazilian Grand Prix,Brazil,São Paulo,
1992,4,Spanish Grand Prix,Spain,Montmeló,
1992,5,San Marino Grand Prix,Italy,Imola,
1992,6,Monaco Grand Prix,Monaco,Monte-Carlo,
1992,7,Canadian Grand Prix,Canada,Montreal,
1992,8,French Grand Prix,France,Magny Cours,
1992,9,British Grand Prix,UK,Silverstone,
1992,10,German Grand Prix,Germany,Hockenheim,
1992,11,Hungarian Grand Prix,Hungary,Budapest,
1992,12,Belgian Grand Prix,Belgium,Spa,
1992,13,Italian Grand Prix,Italy,Monza,
1992,14,Portuguese Grand Prix,Portugal,Estoril,
1992,15,Japanese Grand Prix,Japan,Suzuka,
1992,16,Australian Grand Prix,Australia,Adelaide,
1993,1,South African Grand Prix,South Africa,Midrand,
1993,2,Brazilian Grand Prix,Brazil,São Paulo,
1993,3,European Grand Prix,UK,Castle Donington,
1993,4,San Marino Grand Prix,Italy,Imola,
1993,5,Spanish Grand Prix,Spain,Montmeló,
1993,6,Monaco Grand Prix,Monaco,Monte-Carlo,
1993,7,Canadian Grand Prix,Canada,Montreal,
1993,8,French Grand Prix,France,Magny Cours,
1993,9,British Grand Prix,UK,Silverstone,
1993,10,German Grand Prix,Germany,Hockenheim,
1993,11,Hungarian Grand Prix,Hungary,Budapest,
1993,12,Belgian Grand Prix,Belgium,Spa,
1993,13,Italian Grand Prix,Italy,Monza,
1993,14,Portuguese Grand Prix,Portugal,Estoril,
1993,15,Japanese Grand Prix,Japan,Suzuka,
1993,16,Australian Grand Prix,Australia,Adelaide,
1994,1,Brazilian Grand Prix,Brazil,São Paulo,
1994,2,Pacific Grand Prix,Japan,Okayama,
1994,3,San Marino Grand Prix,Italy,Imola,
1994,4,Monaco Grand Prix,Monaco,Monte-Carlo,
1994,5,Spanish Grand Prix,Spain,Montmeló,
1994,6,Canadian Grand Prix,Canada,Montreal,
1994,7,French Grand Prix,France,Magny Cours,
1994,8,British Grand Prix,UK,Silverstone,
1994,9,German Grand Prix,Germany,Hockenheim,
1994,10,Hungarian Grand Prix,Hungary,Budapest,
1994,11,Belgian Grand Prix,Belgium,Spa,
1994,12,Italian Grand Prix,Italy,Monza,
1994,13,Portuguese Grand Prix,Portugal,Estoril,
1994,14,European Grand Prix,Spain,Jerez de la Frontera,
1994,15,Japanese Grand Prix,Japan,Suzuka,
1994,16,Australian Grand Prix,Australia,Adelaide,
1995,1,Brazilian Grand Prix,Brazil,São Paulo,
1995,2,Argentine Grand Prix,Argentina,Buenos Aires,
1995,3,San Marino Grand Prix,Italy,Imola,
1995,4,Spanish Grand Prix,Spain,Montmeló,
1995,5,Monaco Grand Prix,Monaco,Monte-Carlo,
1995,6,Canadian Grand Prix,Canada,Montreal,
1995,7,French Grand Prix,France,Magny Cours,
1995,8,British Grand Prix,UK,Silverstone,
1995,9,German Grand Prix,Germany,Hockenheim,
1995,10,Hungarian Grand Prix,Hungary,Budapest,
1995,11,Belgian Grand Prix,Belgium,Spa,
1995,12,Italian Grand Prix,Italy,Monza,
1995,13,Portuguese Grand Prix,Portugal,Estoril,
1995,14,European Grand Prix,Germany,Nürburg,
1995,15,Pacific Grand Prix,Japan,Okayama,
1995,16,Japanese Grand Prix,Japan,Suzuka,
1995,17,Australian Grand Prix,Australia,Adelaide,
1996,1,Australian Grand Prix,Australia,Melbourne,
1996,2,Brazilian Grand Prix,Brazil,São Paulo,
1996,3,Argentine Grand Prix,Argentina,Buenos Aires,
1996,4,European Grand Prix,Germany,Nürburg,
1996,5,San Marino Grand Prix,Italy,Imola,
1996,6,Monaco Grand Prix,Monaco,Monte-Carlo,
1996,7,Spanish Grand Prix,Spain,Montmeló,
1996,8,Canadian Grand Prix,Canada,Montreal,
1996,9,French Grand Prix,France,Magny Cours,
1996,10,British Grand Prix,UK,Silverstone,
1996,11,German Grand Prix,Germany,Hockenheim,
1996,12,Hungarian Grand Prix,Hungary,Budapest,
1996,13,Belgian Grand Prix,Belgium,Spa,
1996,14,Italian Grand Prix,Italy,Monza,
1996,15,Portuguese Grand Prix,Portugal,Estoril,
1996,16,Japanese Grand Prix,Japan,Suzuka,
1997,1,Australian Grand Prix,Australia,Melbourne,
1997,2,Brazilian Grand Prix,Brazil,São Paulo,
1997,3,Argentine Grand Prix,Argentina,Buenos Aires,
1997,4,San Marino Grand Prix,Italy,Imola,
1997,5,Monaco Grand Prix,Monaco,Monte-Carlo,
1997,6,Spanish Grand Prix,Spain,Montmeló,
1997,7,Canadian Grand Prix,Canada,Montreal,
1997,8,French Grand Prix,France,Magny Cours,
1997,9,British Grand Prix,UK,Silverstone,
1997,10,German Grand Prix,Germany,Hockenheim,
1997,11,Hungarian Grand Prix,Hungary,Budapest,
1997,12,Belgian Grand Prix,Belgium,Spa,
1997,13,Italian Grand Prix,Italy,Monza,
1997,14,Austrian Grand Prix,Austria,Spielberg,
1997,15,Luxembourg Grand Prix,Germany,Nürburg,
1997,16,Japanese Grand Prix,Japan,Suzuka,
1997,17,European Grand Prix,Spain,Jerez de la Frontera,
1998,1,Australian Grand Prix,Australia,Melbourne,
1998,2,Brazilian Grand Prix,Brazil,São Paulo,
1998,3,Argentine Grand Prix,Argentina,Buenos Aires,
1998,4,San Marino Grand Prix,Italy,Imola,
1998,5,Spanish Grand Prix,Spain,Montmeló,
1998,6,Monaco Grand Prix,Monaco,Monte-Carlo,
1998,7,Canadian Grand Prix,Canada,Montreal,
1998,8,French Grand Prix,France,Magny Cours,
1998,9,British Grand Prix,UK,Silverstone,
1998,10,Austrian Grand Prix,Austria,Spielberg,
1998,11,German Grand Prix,Germany,Hockenheim,
1998,12,Hungarian Grand Prix,Hungary,Budapest,
1998,13,Belgian Grand Prix,Belgium,Spa,
1998,14,Italian Grand Prix,Italy,Monza,
1998,15,Luxembourg Grand Prix,Germany,Nürburg,
1998,16,Japanese Grand Prix,Japan,Suzuka,
1999,1,Australian Grand Prix,Australia,Melbourne,
1999,2,Brazilian Grand Prix,Brazil,São Paulo,
1999,3,San Marino Grand Prix,Italy,Imola,
1999,4,Monaco Grand Prix,Monaco,Monte-Carlo,
1999,5,Spanish Grand Prix,Spain,Montmeló,
1999,6,Canadian Grand Prix,Canada,Montreal,
1999,7,French Grand Prix,France,Magny Cours,
1999,8,British Grand Prix,UK,Silverstone,
1999,9,Austrian Grand Prix,Austria,Spielberg,
1999,10,German Grand Prix,Germany,Hockenheim,
1999,11,Hungarian Grand Prix,Hungary,Budapest,
1999,12,Belgian Grand Prix,Belgium,Spa,
1999,13,Italian Grand Prix,Italy,Monza,
1999,14,European Grand Prix,Germany,Nürburg,
1999,15,Malaysian Grand Prix,Malaysia,Kuala Lumpur,
1999,16,Japanese Grand Prix,Japan,Suzuka,
2000,1,Australian Grand Prix,Australia,Melbourne,
2000,2,Brazilian Grand Prix,Brazil,São Paulo,
2000,3,San Marino Grand Prix,Italy,Imola,
2000,4,British Grand Prix,UK,Silverstone,
2000,5,Spanish Grand Prix,Spain,Montmeló,
2000,6,European Grand Prix,Germany,Nürburg,
2000,7,Monaco Grand Prix,Monaco,Monte-Carlo,
2000,8,Canadian Grand Prix,Canada,Montreal,
2000,9,French Grand Prix,France,Magny Cours,
2000,10,Austrian Grand Prix,Austria,Spielberg,
2000,11,German Grand Prix,Germany,Hockenheim,
2000,12,Hungarian Grand Prix,Hungary,Budapest,
2000,13,Belgian Grand Prix,Belgium,Spa,
2000,14,Italian Grand Prix,Italy,Monza,
2000,15,United States Grand Prix,USA,Indianapolis,
2000,16,Japanese Grand Prix,Japan,Suzuka,
2000,17,Malaysian Grand Prix,Malaysia,Kuala Lumpur,
2001,1,Australian Grand Prix,Australia,Melbourne,
2001,2,Malaysian Grand Prix,Malaysia,Kuala Lumpur,
2001,3,Brazilian Grand Prix,Brazil,São Paulo,
2001,4,San Marino Grand Prix,Italy,Imola,
2001,5,Spanish Grand Prix,Spain,Montmeló,
2001,6,Austrian Grand Prix,Austria,Spielberg,
2001,7,Monaco Grand Prix,Monaco,Monte-Carlo,
2001,8,Canadian Grand Prix,Canada,Montreal,
2001,9,European Grand Prix,Germany,Nürburg,
2001,10,French Grand Prix,France,Magny Cours,
2001,11,British Grand Prix,UK,Silverstone,
2001,12,German Grand Prix,Germany,Hockenheim,
2001,13,Hungarian Grand Prix,Hungary,Budapest,
2001,14,Belgian Grand Prix,Belgium,Spa,
2001,15,Italian Grand Prix,Italy,Monza,
2001,16,United States Grand Prix,USA,Indianapolis,
2001,17,Japanese Grand Prix,Japan,Suzuka,
2002,1,Australian Grand Prix,Australia,Melbourne,
2002,2,Malaysian Grand Prix,Malaysia,Kuala Lumpur,
2002,3,Brazilian Grand Prix,Brazil,São Paulo,
2002,4,San Marino Grand Prix,Italy,Imola,
2002,5,Spanish Grand Prix,Spain,Montmeló,
2002,6,Austrian Grand Prix,Austria,Spielberg,
2002,7,Monaco Grand Prix,Monaco,Monte-Carlo,
2002,8,Canadian Grand Prix,Canada,Montreal,
2002,9,European Grand Prix,Germany,Nürburg,
2002,10,British Grand Prix,UK,Silverstone,
2002,11,French Grand Prix,France,Magny Cours,
2002,12,German Grand Prix,Germany,Hockenheim,
2002,13,Hungarian Grand Prix,Hungary,Budapest,
2002,14,Belgian Grand Prix,Belgium,Spa,
2002,15,Italian Grand Prix,Italy,Monza,
2002,16,United States Grand Prix,USA,Indianapolis,
2002,17,Japanese Grand Prix,Japan,Suzuka,
2003,1,Australian Grand Prix,Australia,Melbourne,
2003,2,Malaysian Grand Prix,Malaysia,Kuala Lumpur,
2003,3,Brazilian Grand Prix,Brazil,São Paulo,
2003,4,San Marino Grand Prix,Italy,Imola,
2003,5,Spanish Grand Prix,Spain,Montmeló,
2003,6,Austrian Grand Prix,Austria,Spielberg,
2003,7,Monaco Grand Prix,Monaco,Monte-Carlo,
2003,8,Canadian Grand Prix,Canada,Montreal,
2003,9,European Grand Prix,Germany,Nürburg,
2003,10,French Grand Prix,France,Magny Cours,
2003,11,British Grand Prix,UK,Silverstone,
2003,12,German Grand Prix,Germany,Hockenheim,
2003,13,Hungarian Grand Prix,Hungary,Budapest,
2003,14,Italian Grand Prix,Italy,Monza,
2003,15,United States Grand Prix,USA,Indianapolis,
2003,16,Japanese Grand Prix,Japan,Suzuka,
2004,1,Australian Grand Prix,Australia,Melbourne,
2004,2,Malaysian Grand Prix,Malaysia,Kuala Lumpur,
2004,3,Bahrain Grand Prix,Bahrain,Sakhir,
2004,4,San Marino Grand Prix,Italy,Imola,
2004,5,Spanish Grand Prix,Spain,Montmeló,
2004,6,Monaco Grand Prix,Monaco,Monte-Carlo,
2004,7,European Grand Prix,Germany,Nürburg,
2004,8,Canadian Grand Prix,Canada,Montreal,
2004,9,United States Grand Prix,USA,Indianapolis,
2004,10,French Grand Prix,France,Magny Cours,
2004,11,British Grand Prix,UK,Silverstone,
2004,12,German Grand Prix,Germany,Hockenheim,
2004,13,Hungarian Grand Prix,Hungary,Budapest,
2004,14,Belgian Grand Prix,Belgium,Spa,
2004,15,Italian Grand Prix,Italy,Monza,
2004,16,Chinese Grand Prix,China,Shanghai,
2004,17,Japanese Grand Prix,Japan,Suzuka,
2004,18,Brazilian Grand Prix,Brazil,São Paulo,
2005,1,Australian Grand Prix,Australia,Melbourne,
2005,2,Malaysian Grand Prix,Malaysia,Kuala Lumpur,
2005,3,Bahrain Grand Prix,Bahrain,Sakhir,
2005,4,San Marino Grand Prix,Italy,Imola,
2005,5,Spanish Grand Prix,Spain,Montmeló,
2005,6,Monaco Grand Prix,Monaco,Monte-Carlo,
2005,7,European Grand Prix,Germany,Nürburg,
2005,8,Canadian Grand Prix,Canada,Montreal,
2005,9,United States Grand Prix,USA,Indianapolis,
2005,10,French Grand Prix,France,Magny Cours,
2005,11,British Grand Prix,UK,Silverstone,
2005,12,German Grand Prix,Germany,Hockenheim,
2005,13,Hungarian Grand Prix,Hungary,Budapest,
2005,14,Turkish Grand Prix,Turkey,Istanbul,
2005,15,Italian Grand Prix,Italy,Monza,
2005,16,Belgian Grand Prix,Belgium,Spa,
2005,17,Brazilian Grand Prix,Brazil,São Paulo,
2005,18,Japanese Grand Prix,Japan,Suzuka,
2005,19,Chinese Grand Prix,China,Shanghai,
2006,1,Bahrain Grand Prix,Bahrain,Sakhir,
2006,2,Malaysian Grand Prix,Malaysia,Kuala Lumpur,
2006,3,Australian Grand Prix,Australia,Melbourne,
2006,4,San Marino Grand Prix,Italy,Imola,
2006,5,European Grand Prix,Germany,Nürburg,
2006,6,Spanish Grand Prix,Spain,Montmeló,
2006,7,Monaco Grand Prix,Monaco,Monte-Carlo,
2006,8,British Grand Prix,UK,Silverstone,
2006,9,Canadian Grand Prix,Canada,Montreal,
2006,10,United States Grand Prix,USA,Indianapolis,
2006,11,French Grand Prix,France,Magny Cours,
2006,12,German Grand Prix,Germany,Hockenheim,
2006,13,Hungarian Grand Prix,Hungary,Budapest,
2006,14,Turkish Grand Prix,Turkey,Istanbul,
2006,15,Italian Grand Prix,Italy,Monza,
2006,16,Chinese Grand Prix,China,Shanghai,
2006,17,Japanese Grand Prix,Japan,Suzuka,
2006,18,Brazilian Grand Prix,Brazil,São Paulo,
2007,1,Australian Grand Prix,Australia,Melbourne,
2007,2,Malaysian Grand Prix,Malaysia,Kuala Lumpur,
2007,3,Bahrain Grand Prix,Bahrain,Sakhir,
2007,4,Spanish Grand Prix,Spain,Montmeló,
2007,5,Monaco Grand Prix,Monaco,Monte-Carlo,
2007,6,Canadian Grand Prix,Canada,Montreal,
2007,7,United States Grand Prix,USA,Indianapolis,
2007,8,French Grand Prix,France,Magny Cours,
2007,9,British Grand Prix,UK,Silverstone,
2007,10,European Grand Prix,Germany,Nürburg,
2007,11,Hungarian Grand Prix,Hungary,Budapest,
2007,12,Turkish Grand Prix,Turkey,Istanbul,
2007,13,Italian Grand Prix,Italy,Monza,
2007,14,Belgian Grand Prix,Belgium,Spa,
2007,15,Japanese Grand Prix,Japan,Oyama,
2007,16,Chinese Grand Prix,China,Shanghai,
2007,17,Brazilian Grand Prix,Brazil,São Paulo,
2008,1,Australian Grand Prix,Australia,Melbourne,
2008,2,Malaysian Grand Prix,Malaysia,Kuala Lumpur,
2008,3,Bahrain Grand Prix,Bahrain,Sakhir,
2008,4,Spanish Grand Prix,Spain,Montmeló,
2008,5,Turkish Grand Prix,Turkey,Istanbul,
2008,6,Monaco Grand Prix,Monaco,Monte-Carlo,
2008,7,Canadian Grand Prix,Canada,Montreal,
2008,8,French Grand Prix,France,Magny Cours,
2008,9,British Grand Prix,UK,Silverstone,
2008,10,German Grand Prix,Germany,Hockenheim,
2008,11,Hungarian Grand Prix,Hungary,Budapest,
2008,12,European Grand Prix,Spain,Valencia,
2008,13,Belgian Grand Prix,Belgium,Spa,
2008,14,Italian Grand Prix,Italy,Monza,
2008,15,Singapore Grand Prix,Singapore,Marina Bay,
2008,16,Japanese Grand Prix,Japan,Oyama,
2008,17,Chinese Grand Prix,China,Shanghai,
2008,18,Brazilian Grand Prix,Brazil,São Paulo,
2009,1,Australian Grand Prix,Australia,Melbourne,
2009,2,Malaysian Grand Prix,Malaysia,Kuala Lumpur,
2009,3,Chinese Grand Prix,China,Shanghai,
2009,4,Bahrain Grand Prix,Bahrain,Sakhir,
2009,5,Spanish Grand Prix,Spain,Montmeló,
2009,6,Monaco Grand Prix,Monaco,Monte-Carlo,
2009,7,Turkish Grand Prix,Turkey,Istanbul,
2009,8,British Grand Prix,UK,Silverstone,
2009,9,German Grand Prix,Germany,Nürburg,
2009,10,Hungarian Grand Prix,Hungary,Budapest,
2009,11,European Grand Prix,Spain,Valencia,
2009,12,Belgian Grand Prix,Belgium,Spa,
2009,13,Italian Grand Prix,Italy,Monza,
2009,14,Singapore Grand Prix,Singapore,Marina Bay,
2009,15,Japanese Grand Prix,Japan,Suzuka,
2009,16,Brazilian Grand Prix,Brazil,São Paulo,
2009,17,Abu Dhabi Grand Prix,UAE,Abu Dhabi,
2010,1,Bahrain Grand Prix,Bahrain,Sakhir,
2010,2,Australian Grand Prix,Australia,Melbourne,
2010,3,Malaysian Grand Prix,Malaysia,Kuala Lumpur,
2010,4,Chinese Grand Prix,China,Shanghai,
2010,5,Spanish Grand Prix,Spain,Montmeló,
2010,6,Monaco Grand Prix,Monaco,Monte-Carlo,
2010,7,Turkish Grand Prix,Turkey,Istanbul,
2010,8,Canadian Grand Prix,Canada,Montreal,
2010,9,European Grand Prix,Spain,Valencia,
2010,10,British Grand Prix,UK,Silverstone,
2010,11,German Grand Prix,Germany,Hockenheim,
2010,12,Hungarian Grand Prix,Hungary,Budapest,
2010,13,Belgian Grand Prix,Belgium,Spa,
2010,14,Italian Grand Prix,Italy,Monza,
2010,15,Singapore Grand Prix,Singapore,Marina Bay,
2010,16,Japanese Grand Prix,Japan,Suzuka,
2010,17,Korean Grand Prix,Korea,Yeongam County,
2010,18,Brazilian Grand Prix,Brazil,São Paulo,
2010,19,Abu Dhabi Grand Prix,UAE,Abu Dhabi,
2011,1,Australian Grand Prix,Australia,Melbourne,
2011,2,Malaysian Grand Prix,Malaysia,Kuala Lumpur,
2011,3,Chinese Grand Prix,China,Shanghai,
2011,4,Turkish Grand Prix,Turkey,Istanbul,
2011,5,Spanish Grand Prix,Spain,Montmeló,
2011,6,Monaco Grand Prix,Monaco,Monte-Carlo,
2011,7,Canadian Grand Prix,Canada,Montreal,
2011,8,European Grand Prix,Spain,Valencia,
2011,9,British Grand Prix,UK,Silverstone,
2011,10,German Grand Prix,Germany,Nürburg,
2011,11,Hungarian Grand Prix,Hungary,Budapest,
2011,12,Belgian Grand Prix,Belgium,Spa,
2011,13,Italian Grand Prix,Italy,Monza,
2011,14,Singapore Grand Prix,Singapore,Marina Bay,
2011,15,Japanese Grand Prix,Japan,Suzuka,
2011,16,Korean Grand Prix,Korea,Yeongam County,
2011,17,Indian Grand Prix,India,Uttar Pradesh,
2011,18,Abu Dhabi Grand Prix,UAE,Abu Dhabi,
2011,19,Brazilian Grand Prix,Brazil,São Paulo,
2012,1,Australian Grand Prix,Australia,Melbourne,
2012,2,Malaysian Grand Prix,Malaysia,Kuala Lumpur,
2012,3,Chinese Grand Prix,China,Shanghai,
2012,4,Bahrain Grand Prix,Bahrain,Sakhir,
2012,5,Spanish Grand Prix,Spain,Montmeló,
2012,6,Monaco Grand Prix,Monaco,Monte-Carlo,
2012,7,Canadian Grand Prix,Canada,Montreal,
2012,8,European Grand Prix,Spain,Valencia,
2012,9,British Grand Prix,UK,Silverstone,
2012,10,German Grand Prix,Germany,Hockenheim,
2012,11,Hungarian Grand Prix,Hungary,Budapest,
2012,12,Belgian Grand Prix,Belgium,Spa,
2012,13,Italian Grand Prix,Italy,Monza,
2012,14,Singapore Grand Prix,Singapore,Marina Bay,
2012,15,Japanese Grand Prix,Japan,Suzuka,
2012,16,Korean Grand Prix,Korea,Yeongam County,
2012,17,Indian Grand Prix,India,Uttar Pradesh,
2012,18,Abu Dhabi Grand Prix,UAE,Abu Dhabi,
2012,19,United States Grand Prix,USA,Austin,
2012,20,Brazilian Grand Prix,Brazil,São Paulo,
2013,1,Australian Grand Prix,Australia,Melbourne,
2013,2,Malaysian Grand Prix,Malaysia,Kuala Lumpur,
2013,3,Chinese Grand Prix,China,Shanghai,
2013,4,Bahrain Grand Prix,Bahrain,Sakhir,
2013,5,Spanish Grand Prix,Spain,Montmeló,
2013,6,Monaco Grand Prix,Monaco,Monte-Carlo,
2013,7,Canadian Grand Prix,Canada,Montreal,
2013,8,British Grand Prix,UK,Silverstone,
2013,9,German Grand Prix,Germany,Nürburg,
2013,10,Hungarian Grand Prix,Hungary,Budapest,
2013,11,Belgian Grand Prix,Belgium,Spa,
2013,12,Italian Grand Prix,Italy,Monza,
2013,13,Singapore Grand Prix,Singapore,Marina Bay,
2013,14,Korean Grand Prix,Korea,Yeongam County,
2013,15,Japanese Grand Prix,Japan,Suzuka,
2013,16,Indian Grand Prix,India,Uttar Pradesh,
2013,17,Abu Dhabi Grand Prix,UAE,Abu Dhabi,
2013,18,United States Grand Prix,USA,Austin,
2013,19,Brazilian Grand Prix,Brazil,São Paulo,
2014,1,Australian Grand Prix,Australia,Melbourne,
2014,2,Malaysian Grand Prix,Malaysia,Kuala Lumpur,
2014,3,Bahrain Grand Prix,Bahrain,Sakhir,
2014,4,Chinese Grand Prix,China,Shanghai,
2014,5,Spanish Grand Prix,Spain,Montmeló,
2014,6,Monaco Grand Prix,Monaco,Monte-Carlo,
2014,7,Canadian Grand Prix,Canada,Montreal,
2014,8,Austrian Grand Prix,Austria,Spielberg,
2014,9,British Grand Prix,UK,Silverstone,
2014,10,German Grand Prix,Germany,Hockenheim,
2014,11,Hungarian Grand Prix,Hungary,Budapest,
2014,12,Belgian Grand Prix,Belgium,Spa,
2014,13,Italian Grand Prix,Italy,Monza,
2014,14,Singapore Grand Prix,Singapore,Marina Bay,
2014,15,Japanese Grand Prix,Japan,Suzuka,
2014,16,Russian Grand Prix,Russia,Sochi,
2014,17,United States Grand Prix,USA,Austin,
2014,18,Brazilian Grand Prix,Brazil,São Paulo,
2014,19,Abu Dhabi Grand Prix,UAE,Abu Dhabi,
2015,1,Australian Grand Prix,Australia,Melbourne,
2015,2,Malaysian Grand Prix,Malaysia,Kuala Lumpur,
2015,3,Chinese Grand Prix,China,Shanghai,
2015,4,Bahrain Grand Prix,Bahrain,Sakhir,
2015,5,Spanish Grand Prix,Spain,Montmeló,
2015,6,Monaco Grand Prix,Monaco,Monte-Carlo,
2015,7,Canadian Grand Prix,Canada,Montreal,
2015,8,Austrian Grand Prix,Austria,Spielberg,
2015,9,British Grand Prix,UK,Silverstone,
2015,10,Hungarian Grand Prix,Hungary,Budapest,
2015,11,Belgian Grand Prix,Belgium,Spa,
2015,12,Italian Grand Prix,Italy,Monza,
2015,13,Singapore Grand Prix,Singapore,Marina Bay,
2015,14,Japanese Grand Prix,Japan,Suzuka,
2015,15,Russian Grand Prix,Russia,Sochi,
2015,16,United States Grand Prix,USA,Austin,
2015,17,Mexican Grand Prix,Mexico,Mexico City,
2015,18,Brazilian Grand Prix,Brazil,São Paulo,
2015,19,Abu Dhabi Grand Prix,UAE,Abu Dhabi,
2016,1,Australian Grand Prix,Australia,Melbourne,
2016,2,Bahrain Grand Prix,Bahrain,Sakhir,
2016,3,Chinese Grand Prix,China,Shanghai,
2016,4,Russian Grand Prix,Russia,Sochi,
2016,5,Spanish Grand Prix,Spain,Montmeló,
2016,6,Monaco Grand Prix,Monaco,Monte-Carlo,
2016,7,Canadian Grand Prix,Canada,Montreal,
2016,8,European Grand Prix,Azerbaijan,Baku,
2016,9,Austrian Grand Prix,Austria,Spielberg,
2016,10,British Grand Prix,UK,Silverstone,
2016,11,Hungarian Grand Prix,Hungary,Budapest,
2016,12,German Grand Prix,Germany,Hockenheim,
2016,13,Belgian Grand Prix,Belgium,Spa,
2016,14,Italian Grand Prix,Italy,Monza,
2016,15,Singapore Grand Prix,Singapore,Marina Bay,
2016,16,Malaysian Grand Prix,Malaysia,Kuala Lumpur,
2016,17,Japanese Grand Prix,Japan,Suzuka,
2016,18,United States Grand Prix,USA,Austin,
2016,19,Mexican Grand Prix,Mexico,Mexico City,
2016,20,Brazilian Grand Prix,Brazil,São Paulo,
2016,21,Abu Dhabi Grand Prix,UAE,Abu Dhabi,
2017,1,Australian Grand Prix,Australia,Melbourne,
2017,2,Chinese Grand Prix,China,Shanghai,
2017,3,Bahrain Grand Prix,Bahrain,Sakhir,
2017,4,Russian Grand Prix,Russia,Sochi,
2017,5,Spanish Grand Prix,Spain,Montmeló,
2017,6,Monaco Grand Prix,Monaco,Monte-Carlo,
2017,7,Canadian Grand Prix,Canada,Montreal,
2017,8,Azerbaijan Grand Prix,Azerbaijan,Baku,
2017,9,Austrian Grand Prix,Austria,Spielberg,
2017,10,British Grand Prix,UK,Silverstone,
2017,11,Hungarian Grand Prix,Hungary,Budapest,
2017,12,Belgian Grand Prix,Belgium,Spa,
2017,13,Italian Grand Prix,Italy,Monza,
2017,14,Singapore Grand Prix,Singapore,Marina Bay,
2017,15,Malaysian Grand Prix,Malaysia,Kuala Lumpur,
2017,16,Japanese Grand Prix,Japan,Suzuka,
2017,17,United States Grand Prix,USA,Austin,
2017,18,Mexican Grand Prix,Mexico,Mexico City,
2017,19,Brazilian Grand Prix,Brazil,São Paulo,
2017,20,Abu Dhabi Grand Prix,UAE,Abu Dhabi,
2018,1,Australian Grand Prix,Australia,Melbourne,2018-03-23
2018,2,Bahrain Grand Prix,Bahrain,Sakhir,2018-04-06
2018,3,Chinese Grand Prix,China,Shanghai,2018-04-13
2018,4,Azerbaijan Grand Prix,Azerbaijan,Baku,2018-04-27
2018,5,Spanish Grand Prix,Spain,Barcelona,2018-05-11
2018,6,Monaco Grand Prix,Monaco,Monte Carlo,2018-05-24
2018,7,Canadian Grand Prix,Canada,Montréal,2018-06-08
2018,8,French Grand Prix,France,Le Castellet,2018-06-22
2018,9,Austrian Grand Prix,Austria,Spielberg,2018-06-29
2018,10,British Grand Prix,Great Britain,Silverstone,2018-07-06
2018,11,German Grand Prix,Germany,Hockenheim,2018-07-20
2018,12,Hungarian Grand Prix,Hungary,Budapest,2018-07-27
2018,13,Belgian Grand Prix,Belgium,Spa-Francorchamps,2018-08-24
2018,14,Italian Grand Prix,Italy,Monza,2018-08-31
2018,15,Singapore Grand Prix,Singapore,Singapore,2018-09-14
2018,16,Russian Grand Prix,Russia,Sochi,2018-09-28
2018,17,Japanese Grand Prix,Japan,Suzuka,2018-10-05
2018,18,United States Grand Prix,United States,Austin,2018-10-19
2018,19,Mexican Grand Prix,Mexico,Mexico City,2018-10-26
2018,20,Brazilian Grand Prix,Brazil,São Paulo,2018-11-09
2018,21,Abu Dhabi Grand Prix,United Arab Emirates,Yas Marina,2018-11-23
2019,1,Australian Grand Prix,Australia,Melbourne,2019-03-15
2019,2,Bahrain Grand Prix,Bahrain,Sakhir,2019-03-29
2019,3,Chinese Grand Prix,China,Shanghai,2019-04-12
2019,4,Azerbaijan Grand Prix,Azerbaijan,Baku,2019-04-26
2019,5,Spanish Grand Prix,Spain,Barcelona,2019-05-10
2019,6,Monaco Grand Prix,Monaco,Monte Carlo,2019-05-23
2019,7,Canadian Grand Prix,Canada,Montréal,2019-06-07
2019,8,French Grand Prix,France,Le Castellet,2019-06-21
2019,9,Austrian Grand Prix,Austria,Spielberg,2019-06-28
2019,10,British Grand Prix,Great Britain,Silverstone,2019-07-12
2019,11,German Grand Prix,Germany,Hockenheim,2019-07-26
2019,12,Hungarian Grand Prix,Hungary,Budapest,2019-08-02
2019,13,Belgian Grand Prix,Belgium,Spa-Francorchamps,2019-08-30
2019,14,Italian Grand Prix,Italy,Monza,2019-09-06
2019,15,Singapore Grand Prix,Singapore,Singapore,2019-09-20
2019,16,Russian Grand Prix,Russia,Sochi,2019-09-27
2019,17,Japanese Grand Prix,Japan,Suzuka,2019-10-11
2019,18,Mexican Grand Prix,Mexico,Mexico City,2019-10-25
2019,19,United States Grand Prix,United States,Austin,2019-11-01
2019,20,Brazilian Grand Prix,Brazil,São Paulo,2019-11-15
2019,21,Abu Dhabi Grand Prix,Abu Dhabi,Yas Island,2019-11-29
2020,0,Pre-Season Test 1,Spain,Barcelona,2020-02-19
2020,0,Pre-Season Test 2,Spain,Barcelona,2020-02-26
2020,1,Austrian Grand Prix,Austria,Spielberg,2020-07-03
2020,2,Styrian Grand Prix,Austria,Spielberg,2020-07-10
2020,3,Hungarian Grand Prix,Hungary,Budapest,2020-07-17
2020,4,British Grand Prix,Great Britain,Silverstone,2020-07-31
2020,5,70th Anniversary Grand Prix,Great Britain,Silverstone,2020-08-07
2020,6,Spanish Grand Prix,Spain,Barcelona,2020-08-14
2020,7,Belgian Grand Prix,Belgium,Spa-Francorchamps,2020-08-28
2020,8,Italian Grand Prix,Italy,Monza,2020-09-04
2020,9,Tuscan Grand Prix,Italy,Mugello,2020-09-11
2020,10,Russian Grand Prix,Russia,Sochi,2020-09-25
2020,11,Eifel Grand Prix,Germany,Nürburgring,2020-10-09
2020,12,Portuguese Grand Prix,Portugal,Portimão,2020-10-23
2020,13,Emilia Romagna Grand Prix,Italy,Imola,2020-10-31
2020,14,Turkish Grand Prix,Turkey,Istanbul,2020-11-13
2020,15,Bahrain Grand Prix,Bahrain,Sakhir,2020-11-27
2020,16,Sakhir Grand Prix,Bahrain,Sakhir,2020-12-04
2020,17,Abu Dhabi Grand Prix,Abu Dhabi,Yas Island,2020-12-11
2021,0,Pre-Season Test,Bahrain,Bahrain,2021-03-12
2021,1,Bahrain Grand Prix,Bahrain,Sakhir,2021-03-26
2021,2,Emilia Romagna Grand Prix,Italy,Imola,2021-04-16
2021,3,Portuguese Grand Prix,Portugal,Portimão,2021-04-30
2021,4,Spanish Grand Prix,Spain,Barcelona,2021-05-07
2021,5,Monaco Grand Prix,Monaco,Monte Carlo,2021-05-20
2021,6,Azerbaijan Grand Prix,Azerbaijan,Baku,2021-06-04
2021,7,French Grand Prix,France,Le Castellet,2021-06-18
2021,8,Styrian Grand Prix,Austria,Spielberg,2021-06-25
2021,9,Austrian Grand Prix,Austria,Spielberg,2021-07-02
2021,10,British Grand Prix,Great Britain,Silverstone,2021-07-16
2021,11,Hungarian Grand Prix,Hungary,Budapest,2021-07-30
2021,12,Belgian Grand Prix,Belgium,Spa-Francorchamps,2021-08-27
2021,13,Dutch Grand Prix,Netherlands,Zandvoort,2021-09-03
2021,14,Italian Grand Prix,Italy,Monza,2021-09-10
2021,15,Russian Grand Prix,Russia,Sochi,2021-09-24
2021,16,Turkish Grand Prix,Turkey,Istanbul,2021-10-08
2021,17,United States Grand Prix,United States,Austin,2021-10-22
2021,18,Mexico City Grand Prix,Mexico,Mexico City,2021-11-05
2021,19,São Paulo Grand Prix,Brazil,São Paulo,2021-11-12
2021,20,Qatar Grand Prix,Qatar,Lusail,2021-11-19
2021,21,Saudi Arabian Grand Prix,Saudi Arabia,Jeddah,2021-12-03
2021,22,Abu Dhabi Grand Prix,Abu Dhabi,Yas Island,2021-12-10
2022,0,Pre-Season Track Session,Spain,Spain,2022-02-23
2022,0,Pre-Season Test,Bahrain,Bahrain,2022-03-10
2022,1,Bahrain Grand Prix,Bahrain,Sakhir,2022-03-18
2022,2,Saudi Arabian Grand Prix,Saudi Arabia,Jeddah,2022-03-25
2022,3,Australian Grand Prix,Australia,Melbourne,2022-04-08
2022,4,Emilia Romagna Grand Prix,Italy,Imola,2022-04-22
2022,5,Miami Grand Prix,United States,Miami,2022-05-06
2022,6,Spanish Grand Prix,Spain,Barcelona,2022-05-20
2022,7,Monaco Grand Prix,Monaco,Monaco,2022-05-27
2022,8,Azerbaijan Grand Prix,Azerbaijan,Baku,2022-06-10
2022,9,Canadian Grand Prix,Canada,Montréal,2022-06-17
2022,10,British Grand Prix,Great Britain,Silverstone,2022-07-01
2022,11,Austrian Grand Prix,Austria,Spielberg,2022-07-08
2022,12,French Grand Prix,France,Le Castellet,2022-07-22
2022,13,Hungarian Grand Prix,Hungary,Budapest,2022-07-29
2022,14,Belgian Grand Prix,Belgium,Spa-Francorchamps,2022-08-26
2022,15,Dutch Grand Prix,Netherlands,Zandvoort,2022-09-02
2022,16,Italian Grand Prix,Italy,Monza,2022-09-09
2022,17,Singapore Grand Prix,Singapore,Marina Bay,2022-09-30
2022,18,Japanese Grand Prix,Japan,Suzuka,2022-10-07
2022,19,United States Grand Prix,United States,Austin,2022-10-21
2022,20,Mexico City Grand Prix,Mexico,Mexico City,2022-10-28
2022,21,São Paulo Grand Prix,Brazil,São Paulo,2022-11-11
2022,22,Abu Dhabi Grand Prix,Abu Dhabi,Yas Island,2022-11-18
2023,0,Pre-Season Testing,Bahrain,Sakhir,2023-02-23
2023,1,Bahrain Grand Prix,Bahrain,Sakhir,2023-03-03
2023,2,Saudi Arabian Grand Prix,Saudi Arabia,Jeddah,2023-03-17
2023,3,Australian Grand Prix,Australia,Melbourne,2023-03-31
2023,4,Azerbaijan Grand Prix,Azerbaijan,Baku,2023-04-28
2023,5,Miami Grand Prix,United States,Miami,2023-05-05
2023,6,Monaco Grand Prix,Monaco,Monaco,2023-05-26
2023,7,Spanish Grand Prix,Spain,Barcelona,2023-06-02
2023,8,Canadian Grand Prix,Canada,Montréal,2023-06-16
2023,9,Austrian Grand Prix,Austria,Spielberg,2023-06-30
2023,10,British Grand Prix,Great Britain,Silverstone,2023-07-07
2023,11,Hungarian Grand Prix,Hungary,Budapest,2023-07-21
2023,12,Belgian Grand Prix,Belgium,Spa-Francorchamps,2023-07-28
2023,13,Dutch Grand Prix,Netherlands,Zandvoort,2023-08-25
2023,14,Italian Grand Prix,Italy,Monza,2023-09-01
2023,15,Singapore Grand Prix,Singapore,Marina Bay,2023-09-15
2023,16,Japanese Grand Prix,Japan,Suzuka,2023-09-22
2023,17,Qatar Grand Prix,Qatar,Lusail,2023-10-06
2023,18,United States Grand Prix,United States,Austin,2023-10-20
2023,19,Mexico City Grand Prix,Mexico,Mexico City,2023-10-27
2023,20,São Paulo Grand Prix,Brazil,São Paulo,2023-11-03
2023,21,Las Vegas Grand Prix,United States,Las Vegas,2023-11-16
2023,22,Abu Dhabi Grand Prix,Abu Dhabi,Yas Island,2023-11-24
2024,0,Pre-Season Testing,Bahrain,Sakhir,2024-02-21
2024,1,Bahrain Grand Prix,Bahrain,Sakhir,2024-02-29
2024,2,Saudi Arabian Grand Prix,Saudi Arabia,Jeddah,2024-03-07
2024,3,Australian Grand Prix,Australia,Melbourne,2024-03-22
2024,4,Japanese Grand Prix,Japan,Suzuka,2024-04-05
2024,5,Chinese Grand Prix,China,Shanghai,2024-04-19
2024,6,Miami Grand Prix,United States,Miami,2024-05-03
2024,7,Emilia Romagna Grand Prix,Italy,Imola,2024-05-17
2024,8,Monaco Grand Prix,Monaco,Monaco,2024-05-24
2024,9,Canadian Grand Prix,Canada,Montréal,2024-06-07
2024,10,Spanish Grand Prix,Spain,Barcelona,2024-06-21
2024,11,Austrian Grand Prix,Austria,Spielberg,2024-06-28
2024,12,British Grand Prix,United Kingdom,Silverstone,2024-07-05
2024,13,Hungarian Grand Prix,Hungary,Budapest,2024-07-19
2024,14,Belgian Grand Prix,Belgium,Spa-Francorchamps,2024-07-26
2024,15,Dutch Grand Prix,Netherlands,Zandvoort,2024-08-23
2024,16,Italian Grand Prix,Italy,Monza,2024-08-30
2024,17,Azerbaijan Grand Prix,Azerbaijan,Baku,2024-09-13
2024,18,Singapore Grand Prix,Singapore,Marina Bay,2024-09-20
2024,19,United States Grand Prix,United States,Austin,2024-10-18
2024,20,Mexico City Grand Prix,Mexico,Mexico City,2024-10-25
2024,21,São Paulo Grand Prix,Brazil,São Paulo,2024-11-01
2024,22,Las Vegas Grand Prix,United States,Las Vegas,2024-11-21
2024,23,Qatar Grand Prix,Qatar,Lusail,2024-11-29
2024,24,Abu Dhabi Grand Prix,United Arab Emirates,Yas Island,2024-12-06
