season,RoundNumber,DriverNumber,BroadcastName,Abbreviation,DriverId,TeamName,TeamColor,TeamId,FirstName,LastName,FullName,HeadshotUrl,CountryCode,Position,ClassifiedPosition,GridPosition,Q1,Q2,Q3,Time,Status,Points
2021,10,33,M VERSTAPPEN,VER,max_verstappen,Red Bull Racing,0600EF,red_bull,Max,Verstappen,Max Verstappen,https://www.formula1.com/content/dam/fom-website/drivers/M/MAXVER01_Max_Verstappen/maxver01.png.transform/1col/image.png,,1.0,1,2.0,,,,0 days 00:25:38.426000,Finished,3.0
2021,10,44,L HAMILTON,HAM,hamilton,Mercedes,00D2BE,mercedes,Lewis,Hamilton,Lewis Hamilton,https://www.formula1.com/content/dam/fom-website/drivers/L/LEWHAM01_Lewis_Hamilton/lewham01.png.transform/1col/image.png,,2.0,2,1.0,,,,0 days 00:00:01.430000,Finished,2.0
2021,10,77,V BOTTAS,BOT,bottas,Mercedes,00D2BE,mercedes,Valtteri,Bottas,Valtteri Bottas,https://www.formula1.com/content/dam/fom-website/drivers/V/VALBOT01_Valtteri_Bottas/valbot01.png.transform/1col/image.png,,3.0,3,3.0,,,,0 days 00:00:07.502000,Finished,1.0
2021,10,16,C LECLERC,LEC,leclerc,Ferrari,DC0004,ferrari,Charles,Leclerc,Charles Leclerc,https://www.formula1.com/content/dam/fom-website/drivers/C/CHALEC01_Charles_Leclerc/chalec01.png.transform/1col/image.png,,4.0,4,4.0,,,,0 days 00:00:11.278000,Finished,0.0
2021,10,4,L NORRIS,NOR,norris,McLaren,FF9800,mclaren,Lando,Norris,Lando Norris,https://www.formula1.com/content/dam/fom-website/drivers/L/LANNOR01_Lando_Norris/lannor01.png.transform/1col/image.png,,5.0,5,6.0,,,,0 days 00:00:24.111000,Finished,0.0
2021,10,3,D RICCIARDO,RIC,ricciardo,McLaren,FF9800,mclaren,Daniel,Ricciardo,Daniel Ricciardo,https://www.formula1.com/content/dam/fom-website/drivers/D/DANRIC01_Daniel_Ricciardo/danric01.png.transform/1col/image.png,,6.0,6,7.0,,,,0 days 00:00:30.959000,Finished,0.0
2021,10,14,F ALONSO,ALO,alonso,Alpine,0090FF,alpine,Fernando,Alonso,Fernando Alonso,https://www.formula1.com/content/dam/fom-website/drivers/F/FERALO01_Fernando_Alonso/feralo01.png.transform/1col/image.png,,7.0,7,11.0,,,,0 days 00:00:43.527000,Finished,0.0
2021,10,5,S VETTEL,VET,vettel,Aston Martin,006F62,aston_martin,Sebastian,Vettel,Sebastian Vettel,https://www.formula1.com/content/dam/fom-website/drivers/S/SEBVET01_Sebastian_Vettel/sebvet01.png.transform/1col/image.png,,8.0,8,10.0,,,,0 days 00:00:44.439000,Finished,0.0
2021,10,63,G RUSSELL,RUS,russell,Williams,005AFF,williams,George,Russell,George Russell,https://www.formula1.com/content/dam/fom-website/drivers/G/GEORUS01_George_Russell/georus01.png.transform/1col/image.png,,9.0,9,8.0,,,,0 days 00:00:46.652000,Finished,0.0
2021,10,31,E OCON,OCO,ocon,Alpine,0090FF,alpine,Esteban,Ocon,Esteban Ocon,https://www.formula1.com/content/dam/fom-website/drivers/E/ESTOCO01_Esteban_Ocon/estoco01.png.transform/1col/image.png,,10.0,10,13.0,,,,0 days 00:00:47.395000,Finished,0.0
2021,10,55,C SAINZ,SAI,sainz,Ferrari,DC0004,ferrari,Carlos,Sainz,Carlos Sainz,https://www.formula1.com/content/dam/fom-website/drivers/C/CARSAI01_Carlos_Sainz/carsai01.png.transform/1col/image.png,,11.0,11,9.0,,,,0 days 00:00:47.798000,Finished,0.0
2021,10,10,P GASLY,GAS,gasly,AlphaTauri,2B4562,alphatauri,Pierre,Gasly,Pierre Gasly,https://www.formula1.com/content/dam/fom-website/drivers/P/PIEGAS01_Pierre_Gasly/piegas01.png.transform/1col/image.png,,12.0,12,12.0,,,,0 days 00:00:48.763000,Finished,0.0
2021,10,7,K RAIKKONEN,RAI,raikkonen,Alfa Romeo Racing,900000,alfa,Kimi,Räikkönen,Kimi Räikkönen,https://www.formula1.com/content/dam/fom-website/drivers/K/KIMRAI01_Kimi_R%C3%A4ikk%C3%B6nen/kimrai01.png.transform/1col/image.png,,13.0,13,17.0,,,,0 days 00:00:50.677000,Finished,0.0
2021,10,18,L STROLL,STR,stroll,Aston Martin,006F62,aston_martin,Lance,Stroll,Lance Stroll,https://www.formula1.com/content/dam/fom-website/drivers/L/LANSTR01_Lance_Stroll/lanstr01.png.transform/1col/image.png,,14.0,14,15.0,,,,0 days 00:00:52.179000,Finished,0.0
2021,10,99,A GIOVINAZZI,GIO,giovinazzi,Alfa Romeo Racing,900000,alfa,Antonio,Giovinazzi,Antonio Giovinazzi,https://www.formula1.com/content/dam/fom-website/drivers/A/ANTGIO01_Antonio_Giovinazzi/antgio01.png.transform/1col/image.png,,15.0,15,14.0,,,,0 days 00:00:53.225000,Finished,0.0
2021,10,22,Y TSUNODA,TSU,tsunoda,AlphaTauri,2B4562,alphatauri,Yuki,Tsunoda,Yuki Tsunoda,https://www.formula1.com/content/dam/fom-website/drivers/Y/YUKTSU01_Yuki_Tsunoda/yuktsu01.png.transform/1col/image.png,,16.0,16,16.0,,,,0 days 00:00:53.567000,Finished,0.0
2021,10,6,N LATIFI,LAT,latifi,Williams,005AFF,williams,Nicholas,Latifi,Nicholas Latifi,https://www.formula1.com/content/dam/fom-website/drivers/N/NICLAF01_Nicholas_Latifi/niclaf01.png.transform/1col/image.png,,17.0,17,18.0,,,,0 days 00:00:55.162000,Finished,0.0
2021,10,47,M SCHUMACHER,MSC,mick_schumacher,Haas F1 Team,FFFFFF,haas,Mick,Schumacher,Mick Schumacher,https://www.formula1.com/content/dam/fom-website/drivers/M/MICSCH02_Mick_Schumacher/micsch02.png.transform/1col/image.png,,18.0,18,19.0,,,,0 days 00:01:08.213000,Finished,0.0
2021,10,9,N MAZEPIN,MAZ,mazepin,Haas F1 Team,FFFFFF,haas,Nikita,Mazepin,Nikita Mazepin,https://www.formula1.com/content/dam/fom-website/drivers/N/NIKMAZ01_Nikita_Mazepin/nikmaz01.png.transform/1col/image.png,,19.0,19,20.0,,,,0 days 00:01:17.648000,Finished,0.0
2021,10,11,S PEREZ,PER,perez,Red Bull Racing,0600EF,red_bull,Sergio,Perez,Sergio Perez,https://www.formula1.com/content/dam/fom-website/drivers/S/SERPER01_Sergio_Perez/serper01.png.transform/1col/image.png,,20.0,R,5.0,,,,,Vibrations,0.0
2021,14,77,V BOTTAS,BOT,bottas,Mercedes,00D2BE,mercedes,Valtteri,Bottas,Valtteri Bottas,https://www.formula1.com/content/dam/fom-website/drivers/V/VALBOT01_Valtteri_Bottas/valbot01.png.transform/1col/image.png,,1.0,1,1.0,,,,0 days 00:27:54.078000,Finished,3.0
2021,14,33,M VERSTAPPEN,VER,max_verstappen,Red Bull Racing,0600EF,red_bull,Max,Verstappen,Max Verstappen,https://www.formula1.com/content/dam/fom-website/drivers/M/MAXVER01_Max_Verstappen/maxver01.png.transform/1col/image.png,,2.0,2,3.0,,,,0 days 00:00:02.325000,Finished,2.0
2021,14,3,D RICCIARDO,RIC,ricciardo,McLaren,FF9800,mclaren,Daniel,Ricciardo,Daniel Ricciardo,https://www.formula1.com/content/dam/fom-website/drivers/D/DANRIC01_Daniel_Ricciardo/danric01.png.transform/1col/image.png,,3.0,3,5.0,,,,0 days 00:00:14.534000,Finished,1.0
2021,14,4,L NORRIS,NOR,norris,McLaren,FF9800,mclaren,Lando,Norris,Lando Norris,https://www.formula1.com/content/dam/fom-website/drivers/L/LANNOR01_Lando_Norris/lannor01.png.transform/1col/image.png,,4.0,4,4.0,,,,0 days 00:00:18.835000,Finished,0.0
2021,14,44,L HAMILTON,HAM,hamilton,Mercedes,00D2BE,mercedes,Lewis,Hamilton,Lewis Hamilton,https://www.formula1.com/content/dam/fom-website/drivers/L/LEWHAM01_Lewis_Hamilton/lewham01.png.transform/1col/image.png,,5.0,5,2.0,,,,0 days 00:00:20.011000,Finished,0.0
2021,14,16,C LECLERC,LEC,leclerc,Ferrari,DC0004,ferrari,Charles,Leclerc,Charles Leclerc,https://www.formula1.com/content/dam/fom-website/drivers/C/CHALEC01_Charles_Leclerc/chalec01.png.transform/1col/image.png,,6.0,6,8.0,,,,0 days 00:00:23.442000,Finished,0.0
2021,14,55,C SAINZ,SAI,sainz,Ferrari,DC0004,ferrari,Carlos,Sainz,Carlos Sainz,https://www.formula1.com/content/dam/fom-website/drivers/C/CARSAI01_Carlos_Sainz/carsai01.png.transform/1col/image.png,,7.0,7,7.0,,,,0 days 00:00:27.952000,Finished,0.0
2021,14,99,A GIOVINAZZI,GIO,giovinazzi,Alfa Romeo Racing,900000,alfa,Antonio,Giovinazzi,Antonio Giovinazzi,https://www.formula1.com/content/dam/fom-website/drivers/A/ANTGIO01_Antonio_Giovinazzi/antgio01.png.transform/1col/image.png,,8.0,8,10.0,,,,0 days 00:00:31.089000,Finished,0.0
2021,14,11,S PEREZ,PER,perez,Red Bull Racing,0600EF,red_bull,Sergio,Perez,Sergio Perez,https://www.formula1.com/content/dam/fom-website/drivers/S/SERPER01_Sergio_Perez/serper01.png.transform/1col/image.png,,9.0,9,9.0,,,,0 days 00:00:31.680000,Finished,0.0
2021,14,18,L STROLL,STR,stroll,Aston Martin,006F62,aston_martin,Lance,Stroll,Lance Stroll,https://www.formula1.com/content/dam/fom-website/drivers/L/LANSTR01_Lance_Stroll/lanstr01.png.transform/1col/image.png,,10.0,10,12.0,,,,0 days 00:00:38.671000,Finished,0.0
2021,14,14,F ALONSO,ALO,alonso,Alpine,0090FF,alpine,Fernando,Alonso,Fernando Alonso,https://www.formula1.com/content/dam/fom-website/drivers/F/FERALO01_Fernando_Alonso/feralo01.png.transform/1col/image.png,,11.0,11,13.0,,,,0 days 00:00:39.795000,Finished,0.0
2021,14,5,S VETTEL,VET,vettel,Aston Martin,006F62,aston_martin,Sebastian,Vettel,Sebastian Vettel,https://www.formula1.com/content/dam/fom-website/drivers/S/SEBVET01_Sebastian_Vettel/sebvet01.png.transform/1col/image.png,,12.0,12,11.0,,,,0 days 00:00:41.177000,Finished,0.0
2021,14,31,E OCON,OCO,ocon,Alpine,0090FF,alpine,Esteban,Ocon,Esteban Ocon,https://www.formula1.com/content/dam/fom-website/drivers/E/ESTOCO01_Esteban_Ocon/estoco01.png.transform/1col/image.png,,13.0,13,14.0,,,,0 days 00:00:43.373000,Finished,0.0
2021,14,6,N LATIFI,LAT,latifi,Williams,005AFF,williams,Nicholas,Latifi,Nicholas Latifi,https://www.formula1.com/content/dam/fom-website/drivers/N/NICLAF01_Nicholas_Latifi/niclaf01.png.transform/1col/image.png,,14.0,14,16.0,,,,0 days 00:00:45.977000,Finished,0.0
2021,14,63,G RUSSELL,RUS,russell,Williams,005AFF,williams,George,Russell,George Russell,https://www.formula1.com/content/dam/fom-website/drivers/G/GEORUS01_George_Russell/georus01.png.transform/1col/image.png,,15.0,15,15.0,,,,0 days 00:00:46.821000,Finished,0.0
2021,14,22,Y TSUNODA,TSU,tsunoda,AlphaTauri,2B4562,alphatauri,Yuki,Tsunoda,Yuki Tsunoda,https://www.formula1.com/content/dam/fom-website/drivers/Y/YUKTSU01_Yuki_Tsunoda/yuktsu01.png.transform/1col/image.png,,16.0,16,17.0,,,,0 days 00:00:49.977000,Finished,0.0
2021,14,9,N MAZEPIN,MAZ,mazepin,Haas F1 Team,FFFFFF,haas,Nikita,Mazepin,Nikita Mazepin,https://www.formula1.com/content/dam/fom-website/drivers/N/NIKMAZ01_Nikita_Mazepin/nikmaz01.png.transform/1col/image.png,,17.0,17,20.0,,,,0 days 00:01:02.599000,Finished,0.0
2021,14,88,R KUBICA,KUB,kubica,Alfa Romeo Racing,900000,alfa,Robert,Kubica,Robert Kubica,None,,18.0,18,19.0,,,,0 days 00:01:05.096000,Finished,0.0
2021,14,47,M SCHUMACHER,MSC,mick_schumacher,Haas F1 Team,FFFFFF,haas,Mick,Schumacher,Mick Schumacher,https://www.formula1.com/content/dam/fom-website/drivers/M/MICSCH02_Mick_Schumacher/micsch02.png.transform/1col/image.png,,19.0,19,18.0,,,,0 days 00:01:06.154000,Finished,0.0
2021,14,10,P GASLY,GAS,gasly,AlphaTauri,2B4562,alphatauri,Pierre,Gasly,Pierre Gasly,https://www.formula1.com/content/dam/fom-website/drivers/P/PIEGAS01_Pierre_Gasly/piegas01.png.transform/1col/image.png,,20.0,R,6.0,,,,,Accident,0.0
2021,19,77,V BOTTAS,BOT,bottas,Mercedes,00D2BE,mercedes,Valtteri,Bottas,Valtteri Bottas,https://www.formula1.com/content/dam/fom-website/drivers/V/VALBOT01_Valtteri_Bottas/valbot01.png.transform/1col/image.png,,1.0,1,2.0,,,,0 days 00:29:09.559000,Finished,3.0
2021,19,33,M VERSTAPPEN,VER,max_verstappen,Red Bull Racing,0600EF,red_bull,Max,Verstappen,Max Verstappen,https://www.formula1.com/content/dam/fom-website/drivers/M/MAXVER01_Max_Verstappen/maxver01.png.transform/1col/image.png,,2.0,2,1.0,,,,0 days 00:00:01.170000,Finished,2.0
2021,19,55,C SAINZ,SAI,sainz,Ferrari,DC0004,ferrari,Carlos,Sainz,Carlos Sainz,https://www.formula1.com/content/dam/fom-website/drivers/C/CARSAI01_Carlos_Sainz/carsai01.png.transform/1col/image.png,,3.0,3,5.0,,,,0 days 00:00:18.723000,Finished,1.0
2021,19,11,S PEREZ,PER,perez,Red Bull Racing,0600EF,red_bull,Sergio,Perez,Sergio Perez,https://www.formula1.com/content/dam/fom-website/drivers/S/SERPER01_Sergio_Perez/serper01.png.transform/1col/image.png,,4.0,4,3.0,,,,0 days 00:00:19.787000,Finished,0.0
2021,19,44,L HAMILTON,HAM,hamilton,Mercedes,00D2BE,mercedes,Lewis,Hamilton,Lewis Hamilton,https://www.formula1.com/content/dam/fom-website/drivers/L/LEWHAM01_Lewis_Hamilton/lewham01.png.transform/1col/image.png,,5.0,5,20.0,,,,0 days 00:00:20.872000,Finished,0.0
2021,19,4,L NORRIS,NOR,norris,McLaren,FF9800,mclaren,Lando,Norris,Lando Norris,https://www.formula1.com/content/dam/fom-website/drivers/L/LANNOR01_Lando_Norris/lannor01.png.transform/1col/image.png,,6.0,6,7.0,,,,0 days 00:00:22.558000,Finished,0.0
2021,19,16,C LECLERC,LEC,leclerc,Ferrari,DC0004,ferrari,Charles,Leclerc,Charles Leclerc,https://www.formula1.com/content/dam/fom-website/drivers/C/CHALEC01_Charles_Leclerc/chalec01.png.transform/1col/image.png,,7.0,7,6.0,,,,0 days 00:00:25.056000,Finished,0.0
2021,19,10,P GASLY,GAS,gasly,AlphaTauri,2B4562,alphatauri,Pierre,Gasly,Pierre Gasly,https://www.formula1.com/content/dam/fom-website/drivers/P/PIEGAS01_Pierre_Gasly/piegas01.png.transform/1col/image.png,,8.0,8,4.0,,,,0 days 00:00:34.158000,Finished,0.0
2021,19,31,E OCON,OCO,ocon,Alpine,0090FF,alpine,Esteban,Ocon,Esteban Ocon,https://www.formula1.com/content/dam/fom-website/drivers/E/ESTOCO01_Esteban_Ocon/estoco01.png.transform/1col/image.png,,9.0,9,10.0,,,,0 days 00:00:34.632000,Finished,0.0
2021,19,5,S VETTEL,VET,vettel,Aston Martin,006F62,aston_martin,Sebastian,Vettel,Sebastian Vettel,https://www.formula1.com/content/dam/fom-website/drivers/S/SEBVET01_Sebastian_Vettel/sebvet01.png.transform/1col/image.png,,10.0,10,11.0,,,,0 days 00:00:34.867000,Finished,0.0
2021,19,3,D RICCIARDO,RIC,ricciardo,McLaren,FF9800,mclaren,Daniel,Ricciardo,Daniel Ricciardo,https://www.formula1.com/content/dam/fom-website/drivers/D/DANRIC01_Daniel_Ricciardo/danric01.png.transform/1col/image.png,,11.0,11,8.0,,,,0 days 00:00:35.869000,Finished,0.0
2021,19,14,F ALONSO,ALO,alonso,Alpine,0090FF,alpine,Fernando,Alonso,Fernando Alonso,https://www.formula1.com/content/dam/fom-website/drivers/F/FERALO01_Fernando_Alonso/feralo01.png.transform/1col/image.png,,12.0,12,9.0,,,,0 days 00:00:36.578000,Finished,0.0
2021,19,99,A GIOVINAZZI,GIO,giovinazzi,Alfa Romeo Racing,900000,alfa,Antonio,Giovinazzi,Antonio Giovinazzi,https://www.formula1.com/content/dam/fom-website/drivers/A/ANTGIO01_Antonio_Giovinazzi/antgio01.png.transform/1col/image.png,,13.0,13,14.0,,,,0 days 00:00:41.880000,Finished,0.0
2021,19,18,L STROLL,STR,stroll,Aston Martin,006F62,aston_martin,Lance,Stroll,Lance Stroll,https://www.formula1.com/content/dam/fom-website/drivers/L/LANSTR01_Lance_Stroll/lanstr01.png.transform/1col/image.png,,14.0,14,15.0,,,,0 days 00:00:44.037000,Finished,0.0
2021,19,22,Y TSUNODA,TSU,tsunoda,AlphaTauri,2B4562,alphatauri,Yuki,Tsunoda,Yuki Tsunoda,https://www.formula1.com/content/dam/fom-website/drivers/Y/YUKTSU01_Yuki_Tsunoda/yuktsu01.png.transform/1col/image.png,,15.0,15,12.0,,,,0 days 00:00:46.150000,Finished,0.0
2021,19,6,N LATIFI,LAT,latifi,Williams,005AFF,williams,Nicholas,Latifi,Nicholas Latifi,https://www.formula1.com/content/dam/fom-website/drivers/N/NICLAF01_Nicholas_Latifi/niclaf01.png.transform/1col/image.png,,16.0,16,16.0,,,,0 days 00:00:46.760000,Finished,0.0
2021,19,63,G RUSSELL,RUS,russell,Williams,005AFF,williams,George,Russell,George Russell,https://www.formula1.com/content/dam/fom-website/drivers/G/GEORUS01_George_Russell/georus01.png.transform/1col/image.png,,17.0,17,17.0,,,,0 days 00:00:47.739000,Finished,0.0
2021,19,7,K RAIKKONEN,RAI,raikkonen,Alfa Romeo Racing,900000,alfa,Kimi,Räikkönen,Kimi Räikkönen,https://www.formula1.com/content/dam/fom-website/drivers/K/KIMRAI01_Kimi_R%C3%A4ikk%C3%B6nen/kimrai01.png.transform/1col/image.png,,18.0,18,13.0,,,,0 days 00:00:50.014000,Finished,0.0
2021,19,47,M SCHUMACHER,MSC,mick_schumacher,Haas F1 Team,FFFFFF,haas,Mick,Schumacher,Mick Schumacher,https://www.formula1.com/content/dam/fom-website/drivers/M/MICSCH02_Mick_Schumacher/micsch02.png.transform/1col/image.png,,19.0,19,18.0,,,,0 days 00:01:01.680000,Finished,0.0
2021,19,9,N MAZEPIN,MAZ,mazepin,Haas F1 Team,FFFFFF,haas,Nikita,Mazepin,Nikita Mazepin,https://www.formula1.com/content/dam/fom-website/drivers/N/NIKMAZ01_Nikita_Mazepin/nikmaz01.png.transform/1col/image.png,,20.0,20,19.0,,,,0 days 00:01:07.474000,Finished,0.0
2022,4,1,M VERSTAPPEN,VER,max_verstappen,Red Bull Racing,1e5bc6,red_bull,Max,Verstappen,Max Verstappen,https://www.formula1.com/content/dam/fom-website/drivers/M/MAXVER01_Max_Verstappen/maxver01.png.transform/1col/image.png,NED,1.0,1,1.0,,,,0 days 00:30:39.567000,Finished,8.0
2022,4,16,C LECLERC,LEC,leclerc,Ferrari,ed1c24,ferrari,Charles,Leclerc,Charles Leclerc,https://www.formula1.com/content/dam/fom-website/drivers/C/CHALEC01_Charles_Leclerc/chalec01.png.transform/1col/image.png,MON,2.0,2,2.0,,,,0 days 00:00:02.975000,Finished,7.0
2022,4,11,S PEREZ,PER,perez,Red Bull Racing,1e5bc6,red_bull,Sergio,Perez,Sergio Perez,https://www.formula1.com/content/dam/fom-website/drivers/S/SERPER01_Sergio_Perez/serper01.png.transform/1col/image.png,MEX,3.0,3,7.0,,,,0 days 00:00:04.721000,Finished,6.0
2022,4,55,C SAINZ,SAI,sainz,Ferrari,ed1c24,ferrari,Carlos,Sainz,Carlos Sainz,https://www.formula1.com/content/dam/fom-website/drivers/C/CARSAI01_Carlos_Sainz/carsai01.png.transform/1col/image.png,ESP,4.0,4,10.0,,,,0 days 00:00:17.578000,Finished,5.0
2022,4,4,L NORRIS,NOR,norris,McLaren,f58020,mclaren,Lando,Norris,Lando Norris,https://www.formula1.com/content/dam/fom-website/drivers/L/LANNOR01_Lando_Norris/lannor01.png.transform/1col/image.png,GBR,5.0,5,3.0,,,,0 days 00:00:24.561000,Finished,4.0
2022,4,3,D RICCIARDO,RIC,ricciardo,McLaren,f58020,mclaren,Daniel,Ricciardo,Daniel Ricciardo,https://www.formula1.com/content/dam/fom-website/drivers/D/DANRIC01_Daniel_Ricciardo/danric01.png.transform/1col/image.png,AUS,6.0,6,6.0,,,,0 days 00:00:27.740000,Finished,3.0
2022,4,77,V BOTTAS,BOT,bottas,Alfa Romeo,b12039,alfa,Valtteri,Bottas,Valtteri Bottas,https://www.formula1.com/content/dam/fom-website/drivers/V/VALBOT01_Valtteri_Bottas/valbot01.png.transform/1col/image.png,FIN,7.0,7,8.0,,,,0 days 00:00:28.133000,Finished,2.0
2022,4,20,K MAGNUSSEN,MAG,kevin_magnussen,Haas F1 Team,b6babd,haas,Kevin,Magnussen,Kevin Magnussen,None,DEN,8.0,8,4.0,,,,0 days 00:00:30.712000,Finished,1.0
2022,4,14,F ALONSO,ALO,alonso,Alpine,2293d1,alpine,Fernando,Alonso,Fernando Alonso,https://www.formula1.com/content/dam/fom-website/drivers/F/FERALO01_Fernando_Alonso/feralo01.png.transform/1col/image.png,ESP,9.0,9,5.0,,,,0 days 00:00:32.278000,Finished,0.0
2022,4,47,M SCHUMACHER,MSC,mick_schumacher,Haas F1 Team,b6babd,haas,Mick,Schumacher,Mick Schumacher,https://www.formula1.com/content/dam/fom-website/drivers/M/MICSCH02_Mick_Schumacher/micsch02.png.transform/1col/image.png,GER,10.0,10,12.0,,,,0 days 00:00:33.773000,Finished,0.0
2022,4,63,G RUSSELL,RUS,russell,Mercedes,6cd3bf,mercedes,George,Russell,George Russell,https://www.formula1.com/content/dam/fom-website/drivers/G/GEORUS01_George_Russell/georus01.png.transform/1col/image.png,GBR,11.0,11,11.0,,,,0 days 00:00:36.284000,Finished,0.0
2022,4,22,Y TSUNODA,TSU,tsunoda,AlphaTauri,4e7c9b,alphatauri,Yuki,Tsunoda,Yuki Tsunoda,https://www.formula1.com/content/dam/fom-website/drivers/Y/YUKTSU01_Yuki_Tsunoda/yuktsu01.png.transform/1col/image.png,JPN,12.0,12,16.0,,,,0 days 00:00:38.298000,Finished,0.0
2022,4,5,S VETTEL,VET,vettel,Aston Martin,2d826d,aston_martin,Sebastian,Vettel,Sebastian Vettel,https://www.formula1.com/content/dam/fom-website/drivers/S/SEBVET01_Sebastian_Vettel/sebvet01.png.transform/1col/image.png,GER,13.0,13,9.0,,,,0 days 00:00:40.177000,Finished,0.0
2022,4,44,L HAMILTON,HAM,hamilton,Mercedes,6cd3bf,mercedes,Lewis,Hamilton,Lewis Hamilton,https://www.formula1.com/content/dam/fom-website/drivers/L/LEWHAM01_Lewis_Hamilton/lewham01.png.transform/1col/image.png,GBR,14.0,14,13.0,,,,0 days 00:00:41.459000,Finished,0.0
2022,4,18,L STROLL,STR,stroll,Aston Martin,2d826d,aston_martin,Lance,Stroll,Lance Stroll,https://www.formula1.com/content/dam/fom-website/drivers/L/LANSTR01_Lance_Stroll/lanstr01.png.transform/1col/image.png,CAN,15.0,15,15.0,,,,0 days 00:00:42.910000,Finished,0.0
2022,4,31,E OCON,OCO,ocon,Alpine,2293d1,alpine,Esteban,Ocon,Esteban Ocon,https://www.formula1.com/content/dam/fom-website/drivers/E/ESTOCO01_Esteban_Ocon/estoco01.png.transform/1col/image.png,FRA,16.0,16,19.0,,,,0 days 00:00:43.517000,Finished,0.0
2022,4,10,P GASLY,GAS,gasly,AlphaTauri,4e7c9b,alphatauri,Pierre,Gasly,Pierre Gasly,https://www.formula1.com/content/dam/fom-website/drivers/P/PIEGAS01_Pierre_Gasly/piegas01.png.transform/1col/image.png,FRA,17.0,17,17.0,,,,0 days 00:00:43.794000,Finished,0.0
2022,4,23,A ALBON,ALB,albon,Williams,37bedd,williams,Alexander,Albon,Alexander Albon,https://www.formula1.com/content/dam/fom-website/drivers/A/ALEALB01_Alexander_Albon/alealb01.png.transform/1col/image.png,THA,18.0,18,20.0,,,,0 days 00:00:48.871000,Finished,0.0
2022,4,6,N LATIFI,LAT,latifi,Williams,37bedd,williams,Nicholas,Latifi,Nicholas Latifi,https://www.formula1.com/content/dam/fom-website/drivers/N/NICLAF01_Nicholas_Latifi/niclaf01.png.transform/1col/image.png,CAN,19.0,19,18.0,,,,0 days 00:00:52.017000,Finished,0.0
2022,4,24,G ZHOU,ZHO,zhou,Alfa Romeo,b12039,alfa,Guanyu,Zhou,Guanyu Zhou,https://www.formula1.com/content/dam/fom-website/drivers/G/GUAZHO01_Guanyu_Zhou/guazho01.png.transform/1col/image.png,CHN,20.0,R,0.0,,,,,Retired,0.0
2022,11,1,M VERSTAPPEN,VER,max_verstappen,Red Bull Racing,1e5bc6,red_bull,Max,Verstappen,Max Verstappen,https://www.formula1.com/content/dam/fom-website/drivers/M/MAXVER01_Max_Verstappen/maxver01.png.transform/1col/image.png,NED,1.0,1,1.0,,,,0 days 00:26:30.059000,Finished,8.0
2022,11,16,C LECLERC,LEC,leclerc,Ferrari,ed1c24,ferrari,Charles,Leclerc,Charles Leclerc,https://www.formula1.com/content/dam/fom-website/drivers/C/CHALEC01_Charles_Leclerc/chalec01.png.transform/1col/image.png,MON,2.0,2,2.0,,,,0 days 00:00:01.675000,Finished,7.0
2022,11,55,C SAINZ,SAI,sainz,Ferrari,ed1c24,ferrari,Carlos,Sainz,Carlos Sainz,https://www.formula1.com/content/dam/fom-website/drivers/C/CARSAI01_Carlos_Sainz/carsai01.png.transform/1col/image.png,ESP,3.0,3,3.0,,,,0 days 00:00:05.644000,Finished,6.0
2022,11,63,G RUSSELL,RUS,russell,Mercedes,6cd3bf,mercedes,George,Russell,George Russell,https://www.formula1.com/content/dam/fom-website/drivers/G/GEORUS01_George_Russell/georus01.png.transform/1col/image.png,GBR,4.0,4,4.0,,,,0 days 00:00:13.429000,Finished,5.0
2022,11,11,S PEREZ,PER,perez,Red Bull Racing,1e5bc6,red_bull,Sergio,Perez,Sergio Perez,https://www.formula1.com/content/dam/fom-website/drivers/S/SERPER01_Sergio_Perez/serper01.png.transform/1col/image.png,MEX,5.0,5,13.0,,,,0 days 00:00:18.302000,Finished,4.0
2022,11,31,E OCON,OCO,ocon,Alpine,2293d1,alpine,Esteban,Ocon,Esteban Ocon,https://www.formula1.com/content/dam/fom-website/drivers/E/ESTOCO01_Esteban_Ocon/estoco01.png.transform/1col/image.png,FRA,6.0,6,5.0,,,,0 days 00:00:31.032000,Finished,3.0
2022,11,20,K MAGNUSSEN,MAG,kevin_magnussen,Haas F1 Team,b6babd,haas,Kevin,Magnussen,Kevin Magnussen,None,DEN,7.0,7,6.0,,,,0 days 00:00:34.539000,Finished,2.0
2022,11,44,L HAMILTON,HAM,hamilton,Mercedes,6cd3bf,mercedes,Lewis,Hamilton,Lewis Hamilton,https://www.formula1.com/content/dam/fom-website/drivers/L/LEWHAM01_Lewis_Hamilton/lewham01.png.transform/1col/image.png,GBR,8.0,8,9.0,,,,0 days 00:00:35.447000,Finished,1.0
2022,11,47,M SCHUMACHER,MSC,mick_schumacher,Haas F1 Team,b6babd,haas,Mick,Schumacher,Mick Schumacher,https://www.formula1.com/content/dam/fom-website/drivers/M/MICSCH02_Mick_Schumacher/micsch02.png.transform/1col/image.png,GER,9.0,9,7.0,,,,0 days 00:00:37.163000,Finished,0.0
2022,11,77,V BOTTAS,BOT,bottas,Alfa Romeo,b12039,alfa,Valtteri,Bottas,Valtteri Bottas,https://www.formula1.com/content/dam/fom-website/drivers/V/VALBOT01_Valtteri_Bottas/valbot01.png.transform/1col/image.png,FIN,10.0,10,12.0,,,,0 days 00:00:37.557000,Finished,0.0
2022,11,4,L NORRIS,NOR,norris,McLaren,f58020,mclaren,Lando,Norris,Lando Norris,https://www.formula1.com/content/dam/fom-website/drivers/L/LANNOR01_Lando_Norris/lannor01.png.transform/1col/image.png,GBR,11.0,11,15.0,,,,0 days 00:00:38.580000,Finished,0.0
2022,11,3,D RICCIARDO,RIC,ricciardo,McLaren,f58020,mclaren,Daniel,Ricciardo,Daniel Ricciardo,https://www.formula1.com/content/dam/fom-website/drivers/D/DANRIC01_Daniel_Ricciardo/danric01.png.transform/1col/image.png,AUS,12.0,12,16.0,,,,0 days 00:00:39.738000,Finished,0.0
2022,11,18,L STROLL,STR,stroll,Aston Martin,2d826d,aston_martin,Lance,Stroll,Lance Stroll,https://www.formula1.com/content/dam/fom-website/drivers/L/LANSTR01_Lance_Stroll/lanstr01.png.transform/1col/image.png,CAN,13.0,13,17.0,,,,0 days 00:00:48.241000,Finished,0.0
2022,11,24,G ZHOU,ZHO,zhou,Alfa Romeo,b12039,alfa,Guanyu,Zhou,Guanyu Zhou,https://www.formula1.com/content/dam/fom-website/drivers/G/GUAZHO01_Guanyu_Zhou/guazho01.png.transform/1col/image.png,CHN,14.0,14,18.0,,,,0 days 00:00:50.753000,Finished,0.0
2022,11,10,P GASLY,GAS,gasly,AlphaTauri,4e7c9b,alphatauri,Pierre,Gasly,Pierre Gasly,https://www.formula1.com/content/dam/fom-website/drivers/P/PIEGAS01_Pierre_Gasly/piegas01.png.transform/1col/image.png,FRA,15.0,15,10.0,,,,0 days 00:00:52.125000,Finished,0.0
2022,11,23,A ALBON,ALB,albon,Williams,37bedd,williams,Alexander,Albon,Alexander Albon,https://www.formula1.com/content/dam/fom-website/drivers/A/ALEALB01_Alexander_Albon/alealb01.png.transform/1col/image.png,THA,16.0,16,11.0,,,,0 days 00:00:52.412000,Finished,0.0
2022,11,22,Y TSUNODA,TSU,tsunoda,AlphaTauri,4e7c9b,alphatauri,Yuki,Tsunoda,Yuki Tsunoda,https://www.formula1.com/content/dam/fom-website/drivers/Y/YUKTSU01_Yuki_Tsunoda/yuktsu01.png.transform/1col/image.png,JPN,17.0,17,14.0,,,,0 days 00:00:54.556000,Finished,0.0
2022,11,6,N LATIFI,LAT,latifi,Williams,37bedd,williams,Nicholas,Latifi,Nicholas Latifi,https://www.formula1.com/content/dam/fom-website/drivers/N/NICLAF01_Nicholas_Latifi/niclaf01.png.transform/1col/image.png,CAN,18.0,18,19.0,,,,0 days 00:01:08.694000,Finished,0.0
2022,11,5,S VETTEL,VET,vettel,Aston Martin,2d826d,aston_martin,Sebastian,Vettel,Sebastian Vettel,https://www.formula1.com/content/dam/fom-website/drivers/S/SEBVET01_Sebastian_Vettel/sebvet01.png.transform/1col/image.png,GER,19.0,19,20.0,,,,,Collision damage,0.0
2022,11,14,F ALONSO,ALO,alonso,Alpine,2293d1,alpine,Fernando,Alonso,Fernando Alonso,https://www.formula1.com/content/dam/fom-website/drivers/F/FERALO01_Fernando_Alonso/feralo01.png.transform/1col/image.png,ESP,20.0,N,8.0,,,,,Electrical,0.0
2022,21,63,G RUSSELL,RUS,russell,Mercedes,6cd3bf,mercedes,George,Russell,George Russell,https://www.formula1.com/content/dam/fom-website/drivers/G/GEORUS01_George_Russell/georus01.png.transform/1col/image.png,GBR,1.0,1,3.0,,,,0 days 00:30:11.307000,Finished,8.0
2022,21,55,C SAINZ,SAI,sainz,Ferrari,ed1c24,ferrari,Carlos,Sainz,Carlos Sainz,https://www.formula1.com/content/dam/fom-website/drivers/C/CARSAI01_Carlos_Sainz/carsai01.png.transform/1col/image.png,ESP,2.0,2,5.0,,,,0 days 00:00:03.995000,Finished,7.0
2022,21,44,L HAMILTON,HAM,hamilton,Mercedes,6cd3bf,mercedes,Lewis,Hamilton,Lewis Hamilton,https://www.formula1.com/content/dam/fom-website/drivers/L/LEWHAM01_Lewis_Hamilton/lewham01.png.transform/1col/image.png,GBR,3.0,3,8.0,,,,0 days 00:00:04.492000,Finished,6.0
2022,21,1,M VERSTAPPEN,VER,max_verstappen,Red Bull Racing,1e5bc6,red_bull,Max,Verstappen,Max Verstappen,https://www.formula1.com/content/dam/fom-website/drivers/M/MAXVER01_Max_Verstappen/maxver01.png.transform/1col/image.png,NED,4.0,4,2.0,,,,0 days 00:00:10.494000,Finished,5.0
2022,21,11,S PEREZ,PER,perez,Red Bull Racing,1e5bc6,red_bull,Sergio,Perez,Sergio Perez,https://www.formula1.com/content/dam/fom-website/drivers/S/SERPER01_Sergio_Perez/serper01.png.transform/1col/image.png,MEX,5.0,5,9.0,,,,0 days 00:00:11.855000,Finished,4.0
2022,21,16,C LECLERC,LEC,leclerc,Ferrari,ed1c24,ferrari,Charles,Leclerc,Charles Leclerc,https://www.formula1.com/content/dam/fom-website/drivers/C/CHALEC01_Charles_Leclerc/chalec01.png.transform/1col/image.png,MON,6.0,6,10.0,,,,0 days 00:00:13.133000,Finished,3.0
2022,21,4,L NORRIS,NOR,norris,McLaren,f58020,mclaren,Lando,Norris,Lando Norris,https://www.formula1.com/content/dam/fom-website/drivers/L/LANNOR01_Lando_Norris/lannor01.png.transform/1col/image.png,GBR,7.0,7,4.0,,,,0 days 00:00:25.624000,Finished,2.0
2022,21,20,K MAGNUSSEN,MAG,kevin_magnussen,Haas F1 Team,b6babd,haas,Kevin,Magnussen,Kevin Magnussen,None,DEN,8.0,8,1.0,,,,0 days 00:00:28.768000,Finished,1.0
2022,21,5,S VETTEL,VET,vettel,Aston Martin,2d826d,aston_martin,Sebastian,Vettel,Sebastian Vettel,https://www.formula1.com/content/dam/fom-website/drivers/S/SEBVET01_Sebastian_Vettel/sebvet01.png.transform/1col/image.png,GER,9.0,9,13.0,,,,0 days 00:00:30.218000,Finished,0.0
2022,21,10,P GASLY,GAS,gasly,AlphaTauri,4e7c9b,alphatauri,Pierre,Gasly,Pierre Gasly,https://www.formula1.com/content/dam/fom-website/drivers/P/PIEGAS01_Pierre_Gasly/piegas01.png.transform/1col/image.png,FRA,10.0,10,12.0,,,,0 days 00:00:34.170000,Finished,0.0
2022,21,3,D RICCIARDO,RIC,ricciardo,McLaren,f58020,mclaren,Daniel,Ricciardo,Daniel Ricciardo,https://www.formula1.com/content/dam/fom-website/drivers/D/DANRIC01_Daniel_Ricciardo/danric01.png.transform/1col/image.png,AUS,11.0,11,14.0,,,,0 days 00:00:39.395000,Finished,0.0
2022,21,47,M SCHUMACHER,MSC,mick_schumacher,Haas F1 Team,b6babd,haas,Mick,Schumacher,Mick Schumacher,https://www.formula1.com/content/dam/fom-website/drivers/M/MICSCH02_Mick_Schumacher/micsch02.png.transform/1col/image.png,GER,12.0,12,20.0,,,,0 days 00:00:41.159000,Finished,0.0
2022,21,24,G ZHOU,ZHO,zhou,Alfa Romeo,b12039,alfa,Guanyu,Zhou,Guanyu Zhou,https://www.formula1.com/content/dam/fom-website/drivers/G/GUAZHO01_Guanyu_Zhou/guazho01.png.transform/1col/image.png,CHN,13.0,13,17.0,,,,0 days 00:00:41.763000,Finished,0.0
2022,21,77,V BOTTAS,BOT,bottas,Alfa Romeo,b12039,alfa,Valtteri,Bottas,Valtteri Bottas,https://www.formula1.com/content/dam/fom-website/drivers/V/VALBOT01_Valtteri_Bottas/valbot01.png.transform/1col/image.png,FIN,14.0,14,18.0,,,,0 days 00:00:42.338000,Finished,0.0
2022,21,22,Y TSUNODA,TSU,tsunoda,AlphaTauri,4e7c9b,alphatauri,Yuki,Tsunoda,Yuki Tsunoda,https://www.formula1.com/content/dam/fom-website/drivers/Y/YUKTSU01_Yuki_Tsunoda/yuktsu01.png.transform/1col/image.png,JPN,15.0,15,19.0,,,,0 days 00:00:50.306000,Finished,0.0
2022,21,18,L STROLL,STR,stroll,Aston Martin,2d826d,aston_martin,Lance,Stroll,Lance Stroll,https://www.formula1.com/content/dam/fom-website/drivers/L/LANSTR01_Lance_Stroll/lanstr01.png.transform/1col/image.png,CAN,16.0,16,15.0,,,,0 days 00:00:50.700000,Finished,0.0
2022,21,31,E OCON,OCO,ocon,Alpine,2293d1,alpine,Esteban,Ocon,Esteban Ocon,https://www.formula1.com/content/dam/fom-website/drivers/E/ESTOCO01_Esteban_Ocon/estoco01.png.transform/1col/image.png,FRA,17.0,17,6.0,,,,0 days 00:00:51.756000,Finished,0.0
2022,21,14,F ALONSO,ALO,alonso,Alpine,2293d1,alpine,Fernando,Alonso,Fernando Alonso,https://www.formula1.com/content/dam/fom-website/drivers/F/FERALO01_Fernando_Alonso/feralo01.png.transform/1col/image.png,ESP,18.0,18,7.0,,,,0 days 00:00:53.985000,Finished,0.0
2022,21,6,N LATIFI,LAT,latifi,Williams,37bedd,williams,Nicholas,Latifi,Nicholas Latifi,https://www.formula1.com/content/dam/fom-website/drivers/N/NICLAF01_Nicholas_Latifi/niclaf01.png.transform/1col/image.png,CAN,19.0,19,16.0,,,,0 days 00:01:16.850000,Finished,0.0
2022,21,23,A ALBON,ALB,albon,Williams,37bedd,williams,Alexander,Albon,Alexander Albon,https://www.formula1.com/content/dam/fom-website/drivers/A/ALEALB01_Alexander_Albon/alealb01.png.transform/1col/image.png,THA,20.0,R,11.0,,,,,Retired,0.0
2023,4,11,S PEREZ,PER,perez,Red Bull Racing,3671C6,red_bull,Sergio,Perez,Sergio Perez,https://www.formula1.com/content/dam/fom-website/drivers/S/SERPER01_Sergio_Perez/serper01.png.transform/1col/image.png,MEX,1.0,1,2.0,,,,0 days 00:33:17.667000,Finished,8.0
2023,4,16,C LECLERC,LEC,leclerc,Ferrari,F91536,ferrari,Charles,Leclerc,Charles Leclerc,https://www.formula1.com/content/dam/fom-website/drivers/C/CHALEC01_Charles_Leclerc/chalec01.png.transform/1col/image.png,MON,2.0,2,1.0,,,,0 days 00:00:04.463000,Finished,7.0
2023,4,1,M VERSTAPPEN,VER,max_verstappen,Red Bull Racing,3671C6,red_bull,Max,Verstappen,Max Verstappen,https://www.formula1.com/content/dam/fom-website/drivers/M/MAXVER01_Max_Verstappen/maxver01.png.transform/1col/image.png,NED,3.0,3,3.0,,,,0 days 00:00:05.065000,Finished,6.0
2023,4,63,G RUSSELL,RUS,russell,Mercedes,6CD3BF,mercedes,George,Russell,George Russell,https://www.formula1.com/content/dam/fom-website/drivers/G/GEORUS01_George_Russell/georus01.png.transform/1col/image.png,GBR,4.0,4,4.0,,,,0 days 00:00:03.467000,Finished,5.0
2023,4,55,C SAINZ,SAI,sainz,Ferrari,F91536,ferrari,Carlos,Sainz,Carlos Sainz,https://www.formula1.com/content/dam/fom-website/drivers/C/CARSAI01_Carlos_Sainz/carsai01.png.transform/1col/image.png,ESP,5.0,5,5.0,,,,0 days 00:00:10.388000,Finished,4.0
2023,4,14,F ALONSO,ALO,alonso,Aston Martin,358C75,aston_martin,Fernando,Alonso,Fernando Alonso,https://www.formula1.com/content/dam/fom-website/drivers/F/FERALO01_Fernando_Alonso/feralo01.png.transform/1col/image.png,ESP,6.0,6,8.0,,,,0 days 00:00:11.613000,Finished,3.0
2023,4,44,L HAMILTON,HAM,hamilton,Mercedes,6CD3BF,mercedes,Lewis,Hamilton,Lewis Hamilton,https://www.formula1.com/content/dam/fom-website/drivers/L/LEWHAM01_Lewis_Hamilton/lewham01.png.transform/1col/image.png,GBR,7.0,7,6.0,,,,0 days 00:00:04.890000,Finished,2.0
2023,4,18,L STROLL,STR,stroll,Aston Martin,358C75,aston_martin,Lance,Stroll,Lance Stroll,https://www.formula1.com/content/dam/fom-website/drivers/L/LANSTR01_Lance_Stroll/lanstr01.png.transform/1col/image.png,CAN,8.0,8,9.0,,,,0 days 00:00:18.417000,Finished,1.0
2023,4,23,A ALBON,ALB,albon,Williams,37BEDD,williams,Alexander,Albon,Alexander Albon,https://www.formula1.com/content/dam/fom-website/drivers/A/ALEALB01_Alexander_Albon/alealb01.png.transform/1col/image.png,THA,9.0,9,7.0,,,,0 days 00:00:21.757000,Finished,0.0
2023,4,81,O PIASTRI,PIA,piastri,McLaren,F58020,mclaren,Oscar,Piastri,Oscar Piastri,https://www.formula1.com/content/dam/fom-website/drivers/O/OSCPIA01_Oscar_Piastri/oscpia01.png.transform/1col/image.png,AUS,10.0,10,11.0,,,,0 days 00:00:22.851000,Finished,0.0
2023,4,20,K MAGNUSSEN,MAG,kevin_magnussen,Haas F1 Team,B6BABD,haas,Kevin,Magnussen,Kevin Magnussen,https://www.formula1.com/content/dam/fom-website/drivers/K/KEVMAG01_Kevin_Magnussen/kevmag01.png.transform/1col/image.png,DEN,11.0,11,13.0,,,,0 days 00:00:27.990000,Finished,0.0
2023,4,24,G ZHOU,ZHO,zhou,Alfa Romeo,C92D4B,alfa,Guanyu,Zhou,Guanyu Zhou,https://www.formula1.com/content/dam/fom-website/drivers/G/GUAZHO01_Guanyu_Zhou/guazho01.png.transform/1col/image.png,CHN,12.0,12,14.0,,,,0 days 00:00:34.602000,Finished,0.0
2023,4,10,P GASLY,GAS,gasly,Alpine,2293D1,alpine,Pierre,Gasly,Pierre Gasly,https://www.formula1.com/content/dam/fom-website/drivers/P/PIEGAS01_Pierre_Gasly/piegas01.png.transform/1col/image.png,FRA,13.0,13,17.0,,,,0 days 00:00:36.918000,Finished,0.0
2023,4,21,N DE VRIES,DEV,de_vries,AlphaTauri,5E8FAA,alphatauri,Nyck,De Vries,Nyck De Vries,https://www.formula1.com/content/dam/fom-website/drivers/N/NYCDEV01_Nyck_De%20Vries/nycdev01.png.transform/1col/image.png,NED,14.0,14,18.0,,,,0 days 00:00:41.626000,Finished,0.0
2023,4,27,N HULKENBERG,HUL,hulkenberg,Haas F1 Team,B6BABD,haas,Nico,Hulkenberg,Nico Hulkenberg,https://www.formula1.com/content/dam/fom-website/drivers/N/NICHUL01_Nico_Hulkenberg/nichul01.png.transform/1col/image.png,GER,15.0,15,12.0,,,,0 days 00:00:48.587000,Finished,0.0
2023,4,77,V BOTTAS,BOT,bottas,Alfa Romeo,C92D4B,alfa,Valtteri,Bottas,Valtteri Bottas,https://www.formula1.com/content/dam/fom-website/drivers/V/VALBOT01_Valtteri_Bottas/valbot01.png.transform/1col/image.png,FIN,16.0,16,15.0,,,,0 days 00:00:49.917000,Finished,0.0
2023,4,4,L NORRIS,NOR,norris,McLaren,F58020,mclaren,Lando,Norris,Lando Norris,https://www.formula1.com/content/dam/fom-website/drivers/L/LANNOR01_Lando_Norris/lannor01.png.transform/1col/image.png,GBR,17.0,17,10.0,,,,0 days 00:00:51.104000,Finished,0.0
2023,4,31,E OCON,OCO,ocon,Alpine,2293D1,alpine,Esteban,Ocon,Esteban Ocon,https://www.formula1.com/content/dam/fom-website/drivers/E/ESTOCO01_Esteban_Ocon/estoco01.png.transform/1col/image.png,FRA,18.0,18,0.0,,,,0 days 00:01:00.621000,Finished,0.0
2023,4,22,Y TSUNODA,TSU,tsunoda,AlphaTauri,5E8FAA,alphatauri,Yuki,Tsunoda,Yuki Tsunoda,https://www.formula1.com/content/dam/fom-website/drivers/Y/YUKTSU01_Yuki_Tsunoda/yuktsu01.png.transform/1col/image.png,JPN,19.0,R,16.0,,,,,Collision damage,0.0
2023,4,2,nan,SAR,sargeant,Williams,nan,williams,Logan,Sargeant,Logan Sargeant,nan,nan,,W,,,,,,Accident,0.0
2023,9,1,M VERSTAPPEN,VER,max_verstappen,Red Bull Racing,3671C6,red_bull,Max,Verstappen,Max Verstappen,https://www.formula1.com/content/dam/fom-website/drivers/M/MAXVER01_Max_Verstappen/maxver01.png.transform/1col/image.png,NED,1.0,1,1.0,,,,0 days 00:30:26.730000,Finished,8.0
2023,9,11,S PEREZ,PER,perez,Red Bull Racing,3671C6,red_bull,Sergio,Perez,Sergio Perez,https://www.formula1.com/content/dam/fom-website/drivers/S/SERPER01_Sergio_Perez/serper01.png.transform/1col/image.png,MEX,2.0,2,2.0,,,,0 days 00:00:21.048000,Finished,7.0
2023,9,55,C SAINZ,SAI,sainz,Ferrari,F91536,ferrari,Carlos,Sainz,Carlos Sainz,https://www.formula1.com/content/dam/fom-website/drivers/C/CARSAI01_Carlos_Sainz/carsai01.png.transform/1col/image.png,ESP,3.0,3,5.0,,,,0 days 00:00:23.088000,Finished,6.0
2023,9,18,L STROLL,STR,stroll,Aston Martin,358C75,aston_martin,Lance,Stroll,Lance Stroll,https://www.formula1.com/content/dam/fom-website/drivers/L/LANSTR01_Lance_Stroll/lanstr01.png.transform/1col/image.png,CAN,4.0,4,7.0,,,,0 days 00:00:29.703000,Finished,5.0
2023,9,14,F ALONSO,ALO,alonso,Aston Martin,358C75,aston_martin,Fernando,Alonso,Fernando Alonso,https://www.formula1.com/content/dam/fom-website/drivers/F/FERALO01_Fernando_Alonso/feralo01.png.transform/1col/image.png,ESP,5.0,5,6.0,,,,0 days 00:00:30.109000,Finished,4.0
2023,9,27,N HULKENBERG,HUL,hulkenberg,Haas F1 Team,B6BABD,haas,Nico,Hulkenberg,Nico Hulkenberg,https://www.formula1.com/content/dam/fom-website/drivers/N/NICHUL01_Nico_Hulkenberg/nichul01.png.transform/1col/image.png,GER,6.0,6,4.0,,,,0 days 00:00:31.297000,Finished,3.0
2023,9,31,E OCON,OCO,ocon,Alpine,2293D1,alpine,Esteban,Ocon,Esteban Ocon,https://www.formula1.com/content/dam/fom-website/drivers/E/ESTOCO01_Esteban_Ocon/estoco01.png.transform/1col/image.png,FRA,7.0,7,8.0,,,,0 days 00:00:36.602000,Finished,2.0
2023,9,63,G RUSSELL,RUS,russell,Mercedes,6CD3BF,mercedes,George,Russell,George Russell,https://www.formula1.com/content/dam/fom-website/drivers/G/GEORUS01_George_Russell/georus01.png.transform/1col/image.png,GBR,8.0,8,15.0,,,,0 days 00:00:36.611000,Finished,1.0
2023,9,4,L NORRIS,NOR,norris,McLaren,F58020,mclaren,Lando,Norris,Lando Norris,https://www.formula1.com/content/dam/fom-website/drivers/L/LANNOR01_Lando_Norris/lannor01.png.transform/1col/image.png,GBR,9.0,9,3.0,,,,0 days 00:00:38.608000,Finished,0.0
2023,9,44,L HAMILTON,HAM,hamilton,Mercedes,6CD3BF,mercedes,Lewis,Hamilton,Lewis Hamilton,https://www.formula1.com/content/dam/fom-website/drivers/L/LEWHAM01_Lewis_Hamilton/lewham01.png.transform/1col/image.png,GBR,10.0,10,18.0,,,,0 days 00:00:46.375000,Finished,0.0
2023,9,81,O PIASTRI,PIA,piastri,McLaren,F58020,mclaren,Oscar,Piastri,Oscar Piastri,https://www.formula1.com/content/dam/fom-website/drivers/O/OSCPIA01_Oscar_Piastri/oscpia01.png.transform/1col/image.png,AUS,11.0,11,17.0,,,,0 days 00:00:49.807000,Finished,0.0
2023,9,16,C LECLERC,LEC,leclerc,Ferrari,F91536,ferrari,Charles,Leclerc,Charles Leclerc,https://www.formula1.com/content/dam/fom-website/drivers/C/CHALEC01_Charles_Leclerc/chalec01.png.transform/1col/image.png,MON,12.0,12,9.0,,,,0 days 00:00:50.789000,Finished,0.0
2023,9,23,A ALBON,ALB,albon,Williams,37BEDD,williams,Alexander,Albon,Alexander Albon,https://www.formula1.com/content/dam/fom-website/drivers/A/ALEALB01_Alexander_Albon/alealb01.png.transform/1col/image.png,THA,13.0,13,11.0,,,,0 days 00:00:52.848000,Finished,0.0
2023,9,20,K MAGNUSSEN,MAG,kevin_magnussen,Haas F1 Team,B6BABD,haas,Kevin,Magnussen,Kevin Magnussen,https://www.formula1.com/content/dam/fom-website/drivers/K/KEVMAG01_Kevin_Magnussen/kevmag01.png.transform/1col/image.png,DEN,14.0,14,10.0,,,,0 days 00:00:56.593000,Finished,0.0
2023,9,10,P GASLY,GAS,gasly,Alpine,2293D1,alpine,Pierre,Gasly,Pierre Gasly,https://www.formula1.com/content/dam/fom-website/drivers/P/PIEGAS01_Pierre_Gasly/piegas01.png.transform/1col/image.png,FRA,15.0,15,12.0,,,,0 days 00:00:57.652000,Finished,0.0
2023,9,22,Y TSUNODA,TSU,tsunoda,AlphaTauri,5E8FAA,alphatauri,Yuki,Tsunoda,Yuki Tsunoda,https://www.formula1.com/content/dam/fom-website/drivers/Y/YUKTSU01_Yuki_Tsunoda/yuktsu01.png.transform/1col/image.png,JPN,16.0,16,13.0,,,,0 days 00:01:04.822000,Finished,0.0
2023,9,21,N DE VRIES,DEV,de_vries,AlphaTauri,5E8FAA,alphatauri,Nyck,De Vries,Nyck De Vries,https://www.formula1.com/content/dam/fom-website/drivers/N/NYCDEV01_Nyck_De%20Vries/nycdev01.png.transform/1col/image.png,NED,17.0,17,14.0,,,,0 days 00:01:05.617000,Finished,0.0
2023,9,2,L SARGEANT,SAR,sargeant,Williams,37BEDD,williams,Logan,Sargeant,Logan Sargeant,https://www.formula1.com/content/dam/fom-website/drivers/L/LOGSAR01_Logan_Sargeant/logsar01.png.transform/1col/image.png,USA,18.0,18,20.0,,,,0 days 00:01:06.059000,Finished,0.0
2023,9,24,G ZHOU,ZHO,zhou,Alfa Romeo,C92D4B,alfa,Guanyu,Zhou,Guanyu Zhou,https://www.formula1.com/content/dam/fom-website/drivers/G/GUAZHO01_Guanyu_Zhou/guazho01.png.transform/1col/image.png,CHN,19.0,19,16.0,,,,0 days 00:01:10.825000,Finished,0.0
2023,9,77,V BOTTAS,BOT,bottas,Alfa Romeo,C92D4B,alfa,Valtteri,Bottas,Valtteri Bottas,https://www.formula1.com/content/dam/fom-website/drivers/V/VALBOT01_Valtteri_Bottas/valbot01.png.transform/1col/image.png,FIN,20.0,20,0.0,,,,0 days 00:01:16.435000,Finished,0.0
2023,12,1,M VERSTAPPEN,VER,max_verstappen,Red Bull Racing,3671C6,red_bull,Max,Verstappen,Max Verstappen,https://www.formula1.com/content/dam/fom-website/drivers/M/MAXVER01_Max_Verstappen/maxver01.png.transform/1col/image.png,NED,1.0,1,1.0,,,,0 days 00:24:58.433000,Finished,8.0
2023,12,81,O PIASTRI,PIA,piastri,McLaren,F58020,mclaren,Oscar,Piastri,Oscar Piastri,https://www.formula1.com/content/dam/fom-website/drivers/O/OSCPIA01_Oscar_Piastri/oscpia01.png.transform/1col/image.png,AUS,2.0,2,2.0,,,,0 days 00:00:06.677000,Finished,7.0
2023,12,10,P GASLY,GAS,gasly,Alpine,2293D1,alpine,Pierre,Gasly,Pierre Gasly,https://www.formula1.com/content/dam/fom-website/drivers/P/PIEGAS01_Pierre_Gasly/piegas01.png.transform/1col/image.png,FRA,3.0,3,6.0,,,,0 days 00:00:10.733000,Finished,6.0
2023,12,55,C SAINZ,SAI,sainz,Ferrari,F91536,ferrari,Carlos,Sainz,Carlos Sainz,https://www.formula1.com/content/dam/fom-website/drivers/C/CARSAI01_Carlos_Sainz/carsai01.png.transform/1col/image.png,ESP,4.0,4,3.0,,,,0 days 00:00:12.648000,Finished,5.0
2023,12,16,C LECLERC,LEC,leclerc,Ferrari,F91536,ferrari,Charles,Leclerc,Charles Leclerc,https://www.formula1.com/content/dam/fom-website/drivers/C/CHALEC01_Charles_Leclerc/chalec01.png.transform/1col/image.png,MON,5.0,5,4.0,,,,0 days 00:00:15.016000,Finished,4.0
2023,12,4,L NORRIS,NOR,norris,McLaren,F58020,mclaren,Lando,Norris,Lando Norris,https://www.formula1.com/content/dam/fom-website/drivers/L/LANNOR01_Lando_Norris/lannor01.png.transform/1col/image.png,GBR,6.0,6,5.0,,,,0 days 00:00:16.052000,Finished,3.0
2023,12,44,L HAMILTON,HAM,hamilton,Mercedes,6CD3BF,mercedes,Lewis,Hamilton,Lewis Hamilton,https://www.formula1.com/content/dam/fom-website/drivers/L/LEWHAM01_Lewis_Hamilton/lewham01.png.transform/1col/image.png,GBR,7.0,7,7.0,,,,0 days 00:00:16.757000,Finished,2.0
2023,12,63,G RUSSELL,RUS,russell,Mercedes,6CD3BF,mercedes,George,Russell,George Russell,https://www.formula1.com/content/dam/fom-website/drivers/G/GEORUS01_George_Russell/georus01.png.transform/1col/image.png,GBR,8.0,8,10.0,,,,0 days 00:00:16.822000,Finished,1.0
2023,12,31,E OCON,OCO,ocon,Alpine,2293D1,alpine,Esteban,Ocon,Esteban Ocon,https://www.formula1.com/content/dam/fom-website/drivers/E/ESTOCO01_Esteban_Ocon/estoco01.png.transform/1col/image.png,FRA,9.0,9,9.0,,,,0 days 00:00:22.410000,Finished,0.0
2023,12,3,D RICCIARDO,RIC,ricciardo,AlphaTauri,5E8FAA,alphatauri,Daniel,Ricciardo,Daniel Ricciardo,None,AUS,10.0,10,11.0,,,,0 days 00:00:22.806000,Finished,0.0
2023,12,18,L STROLL,STR,stroll,Aston Martin,358C75,aston_martin,Lance,Stroll,Lance Stroll,https://www.formula1.com/content/dam/fom-website/drivers/L/LANSTR01_Lance_Stroll/lanstr01.png.transform/1col/image.png,CAN,11.0,11,14.0,,,,0 days 00:00:25.007000,Finished,0.0
2023,12,23,A ALBON,ALB,albon,Williams,37BEDD,williams,Alexander,Albon,Alexander Albon,https://www.formula1.com/content/dam/fom-website/drivers/A/ALEALB01_Alexander_Albon/alealb01.png.transform/1col/image.png,THA,12.0,12,12.0,,,,0 days 00:00:26.303000,Finished,0.0
2023,12,77,V BOTTAS,BOT,bottas,Alfa Romeo,C92D4B,alfa,Valtteri,Bottas,Valtteri Bottas,https://www.formula1.com/content/dam/fom-website/drivers/V/VALBOT01_Valtteri_Bottas/valbot01.png.transform/1col/image.png,FIN,13.0,13,17.0,,,,0 days 00:00:27.006000,Finished,0.0
2023,12,20,K MAGNUSSEN,MAG,kevin_magnussen,Haas F1 Team,B6BABD,haas,Kevin,Magnussen,Kevin Magnussen,https://www.formula1.com/content/dam/fom-website/drivers/K/KEVMAG01_Kevin_Magnussen/kevmag01.png.transform/1col/image.png,DEN,14.0,14,18.0,,,,0 days 00:00:32.986000,Finished,0.0
2023,12,24,G ZHOU,ZHO,zhou,Alfa Romeo,C92D4B,alfa,Guanyu,Zhou,Guanyu Zhou,https://www.formula1.com/content/dam/fom-website/drivers/G/GUAZHO01_Guanyu_Zhou/guazho01.png.transform/1col/image.png,CHN,15.0,15,19.0,,,,0 days 00:00:36.342000,Finished,0.0
2023,12,2,L SARGEANT,SAR,sargeant,Williams,37BEDD,williams,Logan,Sargeant,Logan Sargeant,https://www.formula1.com/content/dam/fom-website/drivers/L/LOGSAR01_Logan_Sargeant/logsar01.png.transform/1col/image.png,USA,16.0,16,13.0,,,,0 days 00:00:37.571000,Finished,0.0
2023,12,27,N HULKENBERG,HUL,hulkenberg,Haas F1 Team,B6BABD,haas,Nico,Hulkenberg,Nico Hulkenberg,https://www.formula1.com/content/dam/fom-website/drivers/N/NICHUL01_Nico_Hulkenberg/nichul01.png.transform/1col/image.png,GER,17.0,17,20.0,,,,0 days 00:00:37.827000,Finished,0.0
2023,12,22,Y TSUNODA,TSU,tsunoda,AlphaTauri,5E8FAA,alphatauri,Yuki,Tsunoda,Yuki Tsunoda,https://www.formula1.com/content/dam/fom-website/drivers/Y/YUKTSU01_Yuki_Tsunoda/yuktsu01.png.transform/1col/image.png,JPN,18.0,18,16.0,,,,0 days 00:00:39.267000,Finished,0.0
2023,12,11,S PEREZ,PER,perez,Red Bull Racing,3671C6,red_bull,Sergio,Perez,Sergio Perez,https://www.formula1.com/content/dam/fom-website/drivers/S/SERPER01_Sergio_Perez/serper01.png.transform/1col/image.png,MEX,19.0,R,8.0,,,,,Collision damage,0.0
2023,12,14,F ALONSO,ALO,alonso,Aston Martin,358C75,aston_martin,Fernando,Alonso,Fernando Alonso,https://www.formula1.com/content/dam/fom-website/drivers/F/FERALO01_Fernando_Alonso/feralo01.png.transform/1col/image.png,ESP,20.0,R,15.0,,,,,Accident,0.0
2023,17,81,O PIASTRI,PIA,piastri,McLaren,F58020,mclaren,Oscar,Piastri,Oscar Piastri,https://www.formula1.com/content/dam/fom-website/drivers/O/OSCPIA01_Oscar_Piastri/oscpia01.png.transform/1col/image.png,AUS,1.0,1,1.0,,,,0 days 00:35:01.297000,Finished,8.0
2023,17,1,M VERSTAPPEN,VER,max_verstappen,Red Bull Racing,3671C6,red_bull,Max,Verstappen,Max Verstappen,https://www.formula1.com/content/dam/fom-website/drivers/M/MAXVER01_Max_Verstappen/maxver01.png.transform/1col/image.png,NED,2.0,2,3.0,,,,0 days 00:00:01.871000,Finished,7.0
2023,17,4,L NORRIS,NOR,norris,McLaren,F58020,mclaren,Lando,Norris,Lando Norris,https://www.formula1.com/content/dam/fom-website/drivers/L/LANNOR01_Lando_Norris/lannor01.png.transform/1col/image.png,GBR,3.0,3,2.0,,,,0 days 00:00:08.497000,Finished,6.0
2023,17,63,G RUSSELL,RUS,russell,Mercedes,6CD3BF,mercedes,George,Russell,George Russell,https://www.formula1.com/content/dam/fom-website/drivers/G/GEORUS01_George_Russell/georus01.png.transform/1col/image.png,GBR,4.0,4,4.0,,,,0 days 00:00:11.036000,Finished,5.0
2023,17,44,L HAMILTON,HAM,hamilton,Mercedes,6CD3BF,mercedes,Lewis,Hamilton,Lewis Hamilton,https://www.formula1.com/content/dam/fom-website/drivers/L/LEWHAM01_Lewis_Hamilton/lewham01.png.transform/1col/image.png,GBR,5.0,5,12.0,,,,0 days 00:00:17.314000,Finished,4.0
2023,17,55,C SAINZ,SAI,sainz,Ferrari,F91536,ferrari,Carlos,Sainz,Carlos Sainz,https://www.formula1.com/content/dam/fom-website/drivers/C/CARSAI01_Carlos_Sainz/carsai01.png.transform/1col/image.png,ESP,6.0,6,5.0,,,,0 days 00:00:18.806000,Finished,3.0
2023,17,23,A ALBON,ALB,albon,Williams,37BEDD,williams,Alexander,Albon,Alexander Albon,https://www.formula1.com/content/dam/fom-website/drivers/A/ALEALB01_Alexander_Albon/alealb01.png.transform/1col/image.png,THA,7.0,7,17.0,,,,0 days 00:00:19.864000,Finished,2.0
2023,17,14,F ALONSO,ALO,alonso,Aston Martin,358C75,aston_martin,Fernando,Alonso,Fernando Alonso,https://www.formula1.com/content/dam/fom-website/drivers/F/FERALO01_Fernando_Alonso/feralo01.png.transform/1col/image.png,ESP,8.0,8,9.0,,,,0 days 00:00:21.180000,Finished,1.0
2023,17,10,P GASLY,GAS,gasly,Alpine,2293D1,alpine,Pierre,Gasly,Pierre Gasly,https://www.formula1.com/content/dam/fom-website/drivers/P/PIEGAS01_Pierre_Gasly/piegas01.png.transform/1col/image.png,FRA,9.0,9,11.0,,,,0 days 00:00:21.742000,Finished,0.0
2023,17,77,V BOTTAS,BOT,bottas,Alfa Romeo,C92D4B,alfa,Valtteri,Bottas,Valtteri Bottas,https://www.formula1.com/content/dam/fom-website/drivers/V/VALBOT01_Valtteri_Bottas/valbot01.png.transform/1col/image.png,FIN,10.0,10,13.0,,,,0 days 00:00:22.208000,Finished,0.0
2023,17,22,Y TSUNODA,TSU,tsunoda,AlphaTauri,5E8FAA,alphatauri,Yuki,Tsunoda,Yuki Tsunoda,https://www.formula1.com/content/dam/fom-website/drivers/Y/YUKTSU01_Yuki_Tsunoda/yuktsu01.png.transform/1col/image.png,JPN,11.0,11,18.0,,,,0 days 00:00:22.863000,Finished,0.0
2023,17,16,C LECLERC,LEC,leclerc,Ferrari,F91536,ferrari,Charles,Leclerc,Charles Leclerc,https://www.formula1.com/content/dam/fom-website/drivers/C/CHALEC01_Charles_Leclerc/chalec01.png.transform/1col/image.png,MON,12.0,12,6.0,,,,0 days 00:00:24.860000,Finished,0.0
2023,17,18,L STROLL,STR,stroll,Aston Martin,358C75,aston_martin,Lance,Stroll,Lance Stroll,https://www.formula1.com/content/dam/fom-website/drivers/L/LANSTR01_Lance_Stroll/lanstr01.png.transform/1col/image.png,CAN,13.0,13,16.0,,,,0 days 00:00:24.523000,Finished,0.0
2023,17,20,K MAGNUSSEN,MAG,kevin_magnussen,Haas F1 Team,B6BABD,haas,Kevin,Magnussen,Kevin Magnussen,https://www.formula1.com/content/dam/fom-website/drivers/K/KEVMAG01_Kevin_Magnussen/kevmag01.png.transform/1col/image.png,DEN,14.0,14,19.0,,,,0 days 00:00:24.970000,Finished,0.0
2023,17,24,G ZHOU,ZHO,zhou,Alfa Romeo,C92D4B,alfa,Guanyu,Zhou,Guanyu Zhou,https://www.formula1.com/content/dam/fom-website/drivers/G/GUAZHO01_Guanyu_Zhou/guazho01.png.transform/1col/image.png,CHN,15.0,15,15.0,,,,0 days 00:00:26.868000,Finished,0.0
2023,17,27,N HULKENBERG,HUL,hulkenberg,Haas F1 Team,B6BABD,haas,Nico,Hulkenberg,Nico Hulkenberg,https://www.formula1.com/content/dam/fom-website/drivers/N/NICHUL01_Nico_Hulkenberg/nichul01.png.transform/1col/image.png,GER,16.0,R,7.0,,,,,Retired,0.0
2023,17,31,E OCON,OCO,ocon,Alpine,2293D1,alpine,Esteban,Ocon,Esteban Ocon,https://www.formula1.com/content/dam/fom-website/drivers/E/ESTOCO01_Esteban_Ocon/estoco01.png.transform/1col/image.png,FRA,17.0,R,10.0,,,,,Retired,0.0
2023,17,11,S PEREZ,PER,perez,Red Bull Racing,3671C6,red_bull,Sergio,Perez,Sergio Perez,https://www.formula1.com/content/dam/fom-website/drivers/S/SERPER01_Sergio_Perez/serper01.png.transform/1col/image.png,MEX,18.0,R,8.0,,,,,Retired,0.0
2023,17,2,L SARGEANT,SAR,sargeant,Williams,37BEDD,williams,Logan,Sargeant,Logan Sargeant,https://www.formula1.com/content/dam/fom-website/drivers/L/LOGSAR01_Logan_Sargeant/logsar01.png.transform/1col/image.png,USA,19.0,R,20.0,,,,,Retired,0.0
2023,17,40,L LAWSON,LAW,lawson,AlphaTauri,5E8FAA,alphatauri,Liam,Lawson,Liam Lawson,None,NZL,20.0,R,14.0,,,,,Retired,0.0
2023,18,1,M VERSTAPPEN,VER,max_verstappen,Red Bull Racing,3671C6,red_bull,Max,Verstappen,Max Verstappen,https://www.formula1.com/content/dam/fom-website/drivers/M/MAXVER01_Max_Verstappen/maxver01.png.transform/1col/image.png,NED,1.0,1,1.0,,,,0 days 00:31:30.849000,Finished,8.0
2023,18,44,L HAMILTON,HAM,hamilton,Mercedes,6CD3BF,mercedes,Lewis,Hamilton,Lewis Hamilton,https://www.formula1.com/content/dam/fom-website/drivers/L/LEWHAM01_Lewis_Hamilton/lewham01.png.transform/1col/image.png,GBR,2.0,2,3.0,,,,0 days 00:00:09.465000,Finished,7.0
2023,18,16,C LECLERC,LEC,leclerc,Ferrari,F91536,ferrari,Charles,Leclerc,Charles Leclerc,https://www.formula1.com/content/dam/fom-website/drivers/C/CHALEC01_Charles_Leclerc/chalec01.png.transform/1col/image.png,MON,3.0,3,2.0,,,,0 days 00:00:17.987000,Finished,6.0
2023,18,4,L NORRIS,NOR,norris,McLaren,F58020,mclaren,Lando,Norris,Lando Norris,https://www.formula1.com/content/dam/fom-website/drivers/L/LANNOR01_Lando_Norris/lannor01.png.transform/1col/image.png,GBR,4.0,4,4.0,,,,0 days 00:00:18.863000,Finished,5.0
2023,18,11,S PEREZ,PER,perez,Red Bull Racing,3671C6,red_bull,Sergio,Perez,Sergio Perez,https://www.formula1.com/content/dam/fom-website/drivers/S/SERPER01_Sergio_Perez/serper01.png.transform/1col/image.png,MEX,5.0,5,7.0,,,,0 days 00:00:22.928000,Finished,4.0
2023,18,55,C SAINZ,SAI,sainz,Ferrari,F91536,ferrari,Carlos,Sainz,Carlos Sainz,https://www.formula1.com/content/dam/fom-website/drivers/C/CARSAI01_Carlos_Sainz/carsai01.png.transform/1col/image.png,ESP,6.0,6,6.0,,,,0 days 00:00:28.307000,Finished,3.0
2023,18,10,P GASLY,GAS,gasly,Alpine,2293D1,alpine,Pierre,Gasly,Pierre Gasly,https://www.formula1.com/content/dam/fom-website/drivers/P/PIEGAS01_Pierre_Gasly/piegas01.png.transform/1col/image.png,FRA,7.0,7,9.0,,,,0 days 00:00:32.403000,Finished,2.0
2023,18,63,G RUSSELL,RUS,russell,Mercedes,6CD3BF,mercedes,George,Russell,George Russell,https://www.formula1.com/content/dam/fom-website/drivers/G/GEORUS01_George_Russell/georus01.png.transform/1col/image.png,GBR,8.0,8,11.0,,,,0 days 00:00:34.250000,Finished,1.0
2023,18,23,A ALBON,ALB,albon,Williams,37BEDD,williams,Alexander,Albon,Alexander Albon,https://www.formula1.com/content/dam/fom-website/drivers/A/ALEALB01_Alexander_Albon/alealb01.png.transform/1col/image.png,THA,9.0,9,8.0,,,,0 days 00:00:34.567000,Finished,0.0
2023,18,81,O PIASTRI,PIA,piastri,McLaren,F58020,mclaren,Oscar,Piastri,Oscar Piastri,https://www.formula1.com/content/dam/fom-website/drivers/O/OSCPIA01_Oscar_Piastri/oscpia01.png.transform/1col/image.png,AUS,10.0,10,5.0,,,,0 days 00:00:42.403000,Finished,0.0
2023,18,31,E OCON,OCO,ocon,Alpine,2293D1,alpine,Esteban,Ocon,Esteban Ocon,https://www.formula1.com/content/dam/fom-website/drivers/E/ESTOCO01_Esteban_Ocon/estoco01.png.transform/1col/image.png,FRA,11.0,11,13.0,,,,0 days 00:00:44.986000,Finished,0.0
2023,18,3,D RICCIARDO,RIC,ricciardo,AlphaTauri,5E8FAA,alphatauri,Daniel,Ricciardo,Daniel Ricciardo,None,AUS,12.0,12,10.0,,,,0 days 00:00:45.509000,Finished,0.0
2023,18,14,F ALONSO,ALO,alonso,Aston Martin,358C75,aston_martin,Fernando,Alonso,Fernando Alonso,https://www.formula1.com/content/dam/fom-website/drivers/F/FERALO01_Fernando_Alonso/feralo01.png.transform/1col/image.png,ESP,13.0,13,12.0,,,,0 days 00:00:49.086000,Finished,0.0
2023,18,22,Y TSUNODA,TSU,tsunoda,AlphaTauri,5E8FAA,alphatauri,Yuki,Tsunoda,Yuki Tsunoda,https://www.formula1.com/content/dam/fom-website/drivers/Y/YUKTSU01_Yuki_Tsunoda/yuktsu01.png.transform/1col/image.png,JPN,14.0,14,19.0,,,,0 days 00:00:49.733000,Finished,0.0
2023,18,27,N HULKENBERG,HUL,hulkenberg,Haas F1 Team,B6BABD,haas,Nico,Hulkenberg,Nico Hulkenberg,https://www.formula1.com/content/dam/fom-website/drivers/N/NICHUL01_Nico_Hulkenberg/nichul01.png.transform/1col/image.png,GER,15.0,15,16.0,,,,0 days 00:00:56.650000,Finished,0.0
2023,18,77,V BOTTAS,BOT,bottas,Alfa Romeo,C92D4B,alfa,Valtteri,Bottas,Valtteri Bottas,https://www.formula1.com/content/dam/fom-website/drivers/V/VALBOT01_Valtteri_Bottas/valbot01.png.transform/1col/image.png,FIN,16.0,16,18.0,,,,0 days 00:01:04.401000,Finished,0.0
2023,18,24,G ZHOU,ZHO,zhou,Alfa Romeo,C92D4B,alfa,Guanyu,Zhou,Guanyu Zhou,https://www.formula1.com/content/dam/fom-website/drivers/G/GUAZHO01_Guanyu_Zhou/guazho01.png.transform/1col/image.png,CHN,17.0,17,15.0,,,,0 days 00:01:07.972000,Finished,0.0
2023,18,20,K MAGNUSSEN,MAG,kevin_magnussen,Haas F1 Team,B6BABD,haas,Kevin,Magnussen,Kevin Magnussen,https://www.formula1.com/content/dam/fom-website/drivers/K/KEVMAG01_Kevin_Magnussen/kevmag01.png.transform/1col/image.png,DEN,18.0,18,17.0,,,,0 days 00:01:11.122000,Finished,0.0
2023,18,2,L SARGEANT,SAR,sargeant,Williams,37BEDD,williams,Logan,Sargeant,Logan Sargeant,https://www.formula1.com/content/dam/fom-website/drivers/L/LOGSAR01_Logan_Sargeant/logsar01.png.transform/1col/image.png,USA,19.0,19,20.0,,,,0 days 00:01:11.449000,Finished,0.0
2023,18,18,L STROLL,STR,stroll,Aston Martin,358C75,aston_martin,Lance,Stroll,Lance Stroll,https://www.formula1.com/content/dam/fom-website/drivers/L/LANSTR01_Lance_Stroll/lanstr01.png.transform/1col/image.png,CAN,20.0,R,14.0,,,,,Brakes,0.0
2023,20,1,M VERSTAPPEN,VER,max_verstappen,Red Bull Racing,3671C6,red_bull,Max,Verstappen,Max Verstappen,https://www.formula1.com/content/dam/fom-website/drivers/M/MAXVER01_Max_Verstappen/maxver01.png.transform/1col/image.png,NED,1.0,1,2.0,,,,0 days 00:30:07.209000,Finished,8.0
2023,20,4,L NORRIS,NOR,norris,McLaren,F58020,mclaren,Lando,Norris,Lando Norris,https://www.formula1.com/content/dam/fom-website/drivers/L/LANNOR01_Lando_Norris/lannor01.png.transform/1col/image.png,GBR,2.0,2,1.0,,,,0 days 00:00:04.287000,Finished,7.0
2023,20,11,S PEREZ,PER,perez,Red Bull Racing,3671C6,red_bull,Sergio,Perez,Sergio Perez,https://www.formula1.com/content/dam/fom-website/drivers/S/SERPER01_Sergio_Perez/serper01.png.transform/1col/image.png,MEX,3.0,3,3.0,,,,0 days 00:00:13.617000,Finished,6.0
2023,20,63,G RUSSELL,RUS,russell,Mercedes,6CD3BF,mercedes,George,Russell,George Russell,https://www.formula1.com/content/dam/fom-website/drivers/G/GEORUS01_George_Russell/georus01.png.transform/1col/image.png,GBR,4.0,4,4.0,,,,0 days 00:00:25.879000,Finished,5.0
2023,20,16,C LECLERC,LEC,leclerc,Ferrari,F91536,ferrari,Charles,Leclerc,Charles Leclerc,https://www.formula1.com/content/dam/fom-website/drivers/C/CHALEC01_Charles_Leclerc/chalec01.png.transform/1col/image.png,MON,5.0,5,7.0,,,,0 days 00:00:28.560000,Finished,4.0
2023,20,22,Y TSUNODA,TSU,tsunoda,AlphaTauri,5E8FAA,alphatauri,Yuki,Tsunoda,Yuki Tsunoda,https://www.formula1.com/content/dam/fom-website/drivers/Y/YUKTSU01_Yuki_Tsunoda/yuktsu01.png.transform/1col/image.png,JPN,6.0,6,6.0,,,,0 days 00:00:29.210000,Finished,3.0
2023,20,44,L HAMILTON,HAM,hamilton,Mercedes,6CD3BF,mercedes,Lewis,Hamilton,Lewis Hamilton,https://www.formula1.com/content/dam/fom-website/drivers/L/LEWHAM01_Lewis_Hamilton/lewham01.png.transform/1col/image.png,GBR,7.0,7,5.0,,,,0 days 00:00:34.726000,Finished,2.0
2023,20,55,C SAINZ,SAI,sainz,Ferrari,F91536,ferrari,Carlos,Sainz,Carlos Sainz,https://www.formula1.com/content/dam/fom-website/drivers/C/CARSAI01_Carlos_Sainz/carsai01.png.transform/1col/image.png,ESP,8.0,8,9.0,,,,0 days 00:00:35.106000,Finished,1.0
2023,20,3,D RICCIARDO,RIC,ricciardo,AlphaTauri,5E8FAA,alphatauri,Daniel,Ricciardo,Daniel Ricciardo,None,AUS,9.0,9,8.0,,,,0 days 00:00:35.303000,Finished,0.0
2023,20,81,O PIASTRI,PIA,piastri,McLaren,F58020,mclaren,Oscar,Piastri,Oscar Piastri,https://www.formula1.com/content/dam/fom-website/drivers/O/OSCPIA01_Oscar_Piastri/oscpia01.png.transform/1col/image.png,AUS,10.0,10,10.0,,,,0 days 00:00:38.219000,Finished,0.0
2023,20,14,F ALONSO,ALO,alonso,Aston Martin,358C75,aston_martin,Fernando,Alonso,Fernando Alonso,https://www.formula1.com/content/dam/fom-website/drivers/F/FERALO01_Fernando_Alonso/feralo01.png.transform/1col/image.png,ESP,11.0,11,15.0,,,,0 days 00:00:39.061000,Finished,0.0
2023,20,18,L STROLL,STR,stroll,Aston Martin,358C75,aston_martin,Lance,Stroll,Lance Stroll,https://www.formula1.com/content/dam/fom-website/drivers/L/LANSTR01_Lance_Stroll/lanstr01.png.transform/1col/image.png,CAN,12.0,12,17.0,,,,0 days 00:00:39.478000,Finished,0.0
2023,20,10,P GASLY,GAS,gasly,Alpine,2293D1,alpine,Pierre,Gasly,Pierre Gasly,https://www.formula1.com/content/dam/fom-website/drivers/P/PIEGAS01_Pierre_Gasly/piegas01.png.transform/1col/image.png,FRA,13.0,13,13.0,,,,0 days 00:00:40.621000,Finished,0.0
2023,20,31,E OCON,OCO,ocon,Alpine,2293D1,alpine,Esteban,Ocon,Esteban Ocon,https://www.formula1.com/content/dam/fom-website/drivers/E/ESTOCO01_Esteban_Ocon/estoco01.png.transform/1col/image.png,FRA,14.0,14,16.0,,,,0 days 00:00:42.848000,Finished,0.0
2023,20,23,A ALBON,ALB,albon,Williams,37BEDD,williams,Alexander,Albon,Alexander Albon,https://www.formula1.com/content/dam/fom-website/drivers/A/ALEALB01_Alexander_Albon/alealb01.png.transform/1col/image.png,THA,15.0,15,19.0,,,,0 days 00:00:43.394000,Finished,0.0
2023,20,20,K MAGNUSSEN,MAG,kevin_magnussen,Haas F1 Team,B6BABD,haas,Kevin,Magnussen,Kevin Magnussen,https://www.formula1.com/content/dam/fom-website/drivers/K/KEVMAG01_Kevin_Magnussen/kevmag01.png.transform/1col/image.png,DEN,16.0,16,11.0,,,,0 days 00:00:56.507000,Finished,0.0
2023,20,24,G ZHOU,ZHO,zhou,Alfa Romeo,C92D4B,alfa,Guanyu,Zhou,Guanyu Zhou,https://www.formula1.com/content/dam/fom-website/drivers/G/GUAZHO01_Guanyu_Zhou/guazho01.png.transform/1col/image.png,CHN,17.0,17,18.0,,,,0 days 00:00:58.723000,Finished,0.0
2023,20,27,N HULKENBERG,HUL,hulkenberg,Haas F1 Team,B6BABD,haas,Nico,Hulkenberg,Nico Hulkenberg,https://www.formula1.com/content/dam/fom-website/drivers/N/NICHUL01_Nico_Hulkenberg/nichul01.png.transform/1col/image.png,GER,18.0,18,12.0,,,,0 days 00:01:00.330000,Finished,0.0
2023,20,77,V BOTTAS,BOT,bottas,Alfa Romeo,C92D4B,alfa,Valtteri,Bottas,Valtteri Bottas,https://www.formula1.com/content/dam/fom-website/drivers/V/VALBOT01_Valtteri_Bottas/valbot01.png.transform/1col/image.png,FIN,19.0,19,14.0,,,,0 days 00:01:00.749000,Finished,0.0
2023,20,2,L SARGEANT,SAR,sargeant,Williams,37BEDD,williams,Logan,Sargeant,Logan Sargeant,https://www.formula1.com/content/dam/fom-website/drivers/L/LOGSAR01_Logan_Sargeant/logsar01.png.transform/1col/image.png,USA,20.0,20,20.0,,,,0 days 00:01:00.945000,Finished,0.0
2024,5,1,M VERSTAPPEN,VER,max_verstappen,Red Bull Racing,3671C6,red_bull,Max,Verstappen,Max Verstappen,https://media.formula1.com/d_driver_fallback_image.png/content/dam/fom-website/drivers/M/MAXVER01_Max_Verstappen/maxver01.png.transform/1col/image.png,NED,1.0,1,4.0,,,,0 days 00:32:04.660000,Finished,8.0
2024,5,44,L HAMILTON,HAM,hamilton,Mercedes,27F4D2,mercedes,Lewis,Hamilton,Lewis Hamilton,https://media.formula1.com/d_driver_fallback_image.png/content/dam/fom-website/drivers/L/LEWHAM01_Lewis_Hamilton/lewham01.png.transform/1col/image.png,GBR,2.0,2,2.0,,,,0 days 00:00:13.043000,Finished,7.0
2024,5,11,S PEREZ,PER,perez,Red Bull Racing,3671C6,red_bull,Sergio,Perez,Sergio Perez,https://media.formula1.com/d_driver_fallback_image.png/content/dam/fom-website/drivers/S/SERPER01_Sergio_Perez/serper01.png.transform/1col/image.png,MEX,3.0,3,6.0,,,,0 days 00:00:15.258000,Finished,6.0
2024,5,16,C LECLERC,LEC,leclerc,Ferrari,E80020,ferrari,Charles,Leclerc,Charles Leclerc,https://media.formula1.com/d_driver_fallback_image.png/content/dam/fom-website/drivers/C/CHALEC01_Charles_Leclerc/chalec01.png.transform/1col/image.png,MON,4.0,4,7.0,,,,0 days 00:00:17.486000,Finished,5.0
2024,5,55,C SAINZ,SAI,sainz,Ferrari,E80020,ferrari,Carlos,Sainz,Carlos Sainz,https://media.formula1.com/d_driver_fallback_image.png/content/dam/fom-website/drivers/C/CARSAI01_Carlos_Sainz/carsai01.png.transform/1col/image.png,ESP,5.0,5,5.0,,,,0 days 00:00:20.696000,Finished,4.0
2024,5,4,L NORRIS,NOR,norris,McLaren,FF8000,mclaren,Lando,Norris,Lando Norris,https://media.formula1.com/d_driver_fallback_image.png/content/dam/fom-website/drivers/L/LANNOR01_Lando_Norris/lannor01.png.transform/1col/image.png,GBR,6.0,6,1.0,,,,0 days 00:00:22.088000,Finished,3.0
2024,5,81,O PIASTRI,PIA,piastri,McLaren,FF8000,mclaren,Oscar,Piastri,Oscar Piastri,https://media.formula1.com/d_driver_fallback_image.png/content/dam/fom-website/drivers/O/OSCPIA01_Oscar_Piastri/oscpia01.png.transform/1col/image.png,AUS,7.0,7,8.0,,,,0 days 00:00:24.713000,Finished,2.0
2024,5,63,G RUSSELL,RUS,russell,Mercedes,27F4D2,mercedes,George,Russell,George Russell,https://media.formula1.com/d_driver_fallback_image.png/content/dam/fom-website/drivers/G/GEORUS01_George_Russell/georus01.png.transform/1col/image.png,GBR,8.0,8,11.0,,,,0 days 00:00:25.696000,Finished,1.0
2024,5,24,G ZHOU,ZHO,zhou,Kick Sauber,52e252,sauber,Guanyu,Zhou,Guanyu Zhou,https://media.formula1.com/d_driver_fallback_image.png/content/dam/fom-website/drivers/G/GUAZHO01_Guanyu_Zhou/guazho01.png.transform/1col/image.png,CHN,9.0,9,10.0,,,,0 days 00:00:31.951000,Finished,0.0
2024,5,20,K MAGNUSSEN,MAG,kevin_magnussen,Haas F1 Team,B6BABD,haas,Kevin,Magnussen,Kevin Magnussen,https://media.formula1.com/d_driver_fallback_image.png/content/dam/fom-website/drivers/K/KEVMAG01_Kevin_Magnussen/kevmag01.png.transform/1col/image.png,DEN,10.0,10,12.0,,,,0 days 00:00:37.398000,Finished,0.0
2024,5,3,D RICCIARDO,RIC,ricciardo,RB,6692FF,rb,Daniel,Ricciardo,Daniel Ricciardo,https://media.formula1.com/d_driver_fallback_image.png/content/dam/fom-website/drivers/D/DANRIC01_Daniel_Ricciardo/danric01.png.transform/1col/image.png,AUS,11.0,11,14.0,,,,0 days 00:00:37.840000,Finished,0.0
2024,5,77,V BOTTAS,BOT,bottas,Kick Sauber,52e252,sauber,Valtteri,Bottas,Valtteri Bottas,https://media.formula1.com/d_driver_fallback_image.png/content/dam/fom-website/drivers/V/VALBOT01_Valtteri_Bottas/valbot01.png.transform/1col/image.png,FIN,12.0,12,9.0,,,,0 days 00:00:38.295000,Finished,0.0
2024,5,31,E OCON,OCO,ocon,Alpine,0093cc,alpine,Esteban,Ocon,Esteban Ocon,https://media.formula1.com/d_driver_fallback_image.png/content/dam/fom-website/drivers/E/ESTOCO01_Esteban_Ocon/estoco01.png.transform/1col/image.png,FRA,13.0,13,17.0,,,,0 days 00:00:39.841000,Finished,0.0
2024,5,18,L STROLL,STR,stroll,Aston Martin,229971,aston_martin,Lance,Stroll,Lance Stroll,https://media.formula1.com/d_driver_fallback_image.png/content/dam/fom-website/drivers/L/LANSTR01_Lance_Stroll/lanstr01.png.transform/1col/image.png,CAN,14.0,14,15.0,,,,0 days 00:00:40.299000,Finished,0.0
2024,5,10,P GASLY,GAS,gasly,Alpine,0093cc,alpine,Pierre,Gasly,Pierre Gasly,https://media.formula1.com/d_driver_fallback_image.png/content/dam/fom-website/drivers/P/PIEGAS01_Pierre_Gasly/piegas01.png.transform/1col/image.png,FRA,15.0,15,16.0,,,,0 days 00:00:40.838000,Finished,0.0
2024,5,22,Y TSUNODA,TSU,tsunoda,RB,6692FF,rb,Yuki,Tsunoda,Yuki Tsunoda,https://media.formula1.com/d_driver_fallback_image.png/content/dam/fom-website/drivers/Y/YUKTSU01_Yuki_Tsunoda/yuktsu01.png.transform/1col/image.png,JPN,16.0,16,19.0,,,,0 days 00:00:41.870000,Finished,0.0
2024,5,23,A ALBON,ALB,albon,Williams,64C4FF,williams,Alexander,Albon,Alexander Albon,https://media.formula1.com/d_driver_fallback_image.png/content/dam/fom-website/drivers/A/ALEALB01_Alexander_Albon/alealb01.png.transform/1col/image.png,THA,17.0,17,18.0,,,,0 days 00:00:42.998000,Finished,0.0
2024,5,2,L SARGEANT,SAR,sargeant,Williams,64C4FF,williams,Logan,Sargeant,Logan Sargeant,https://media.formula1.com/d_driver_fallback_image.png/content/dam/fom-website/drivers/L/LOGSAR01_Logan_Sargeant/logsar01.png.transform/1col/image.png,USA,18.0,18,20.0,,,,0 days 00:00:46.352000,Finished,0.0
2024,5,27,N HULKENBERG,HUL,hulkenberg,Haas F1 Team,B6BABD,haas,Nico,Hulkenberg,Nico Hulkenberg,https://media.formula1.com/d_driver_fallback_image.png/content/dam/fom-website/drivers/N/NICHUL01_Nico_Hulkenberg/nichul01.png.transform/1col/image.png,GER,19.0,19,13.0,,,,0 days 00:00:49.630000,Finished,0.0
2024,5,14,F ALONSO,ALO,alonso,Aston Martin,229971,aston_martin,Fernando,Alonso,Fernando Alonso,https://media.formula1.com/d_driver_fallback_image.png/content/dam/fom-website/drivers/F/FERALO01_Fernando_Alonso/feralo01.png.transform/1col/image.png,ESP,20.0,20,3.0,,,,,Retired,0.0
2024,6,1,M VERSTAPPEN,VER,max_verstappen,Red Bull Racing,3671C6,red_bull,Max,Verstappen,Max Verstappen,https://media.formula1.com/d_driver_fallback_image.png/content/dam/fom-website/drivers/M/MAXVER01_Max_Verstappen/maxver01.png.transform/1col/image.png,NED,1.0,1,1.0,,,,0 days 00:31:31.383000,Finished,8.0
2024,6,16,C LECLERC,LEC,leclerc,Ferrari,E80020,ferrari,Charles,Leclerc,Charles Leclerc,https://media.formula1.com/d_driver_fallback_image.png/content/dam/fom-website/drivers/C/CHALEC01_Charles_Leclerc/chalec01.png.transform/1col/image.png,MON,2.0,2,2.0,,,,0 days 00:00:03.371000,Finished,7.0
2024,6,11,S PEREZ,PER,perez,Red Bull Racing,3671C6,red_bull,Sergio,Perez,Sergio Perez,https://media.formula1.com/d_driver_fallback_image.png/content/dam/fom-website/drivers/S/SERPER01_Sergio_Perez/serper01.png.transform/1col/image.png,MEX,3.0,3,3.0,,,,0 days 00:00:05.095000,Finished,6.0
2024,6,3,D RICCIARDO,RIC,ricciardo,RB,6692FF,rb,Daniel,Ricciardo,Daniel Ricciardo,https://media.formula1.com/d_driver_fallback_image.png/content/dam/fom-website/drivers/D/DANRIC01_Daniel_Ricciardo/danric01.png.transform/1col/image.png,AUS,4.0,4,4.0,,,,0 days 00:00:14.971000,Finished,5.0
2024,6,55,C SAINZ,SAI,sainz,Ferrari,E80020,ferrari,Carlos,Sainz,Carlos Sainz,https://media.formula1.com/d_driver_fallback_image.png/content/dam/fom-website/drivers/C/CARSAI01_Carlos_Sainz/carsai01.png.transform/1col/image.png,ESP,5.0,5,5.0,,,,0 days 00:00:15.222000,Finished,4.0
2024,6,81,O PIASTRI,PIA,piastri,McLaren,FF8000,mclaren,Oscar,Piastri,Oscar Piastri,https://media.formula1.com/d_driver_fallback_image.png/content/dam/fom-website/drivers/O/OSCPIA01_Oscar_Piastri/oscpia01.png.transform/1col/image.png,AUS,6.0,6,6.0,,,,0 days 00:00:15.750000,Finished,3.0
2024,6,27,N HULKENBERG,HUL,hulkenberg,Haas F1 Team,B6BABD,haas,Nico,Hulkenberg,Nico Hulkenberg,https://media.formula1.com/d_driver_fallback_image.png/content/dam/fom-website/drivers/N/NICHUL01_Nico_Hulkenberg/nichul01.png.transform/1col/image.png,GER,7.0,7,10.0,,,,0 days 00:00:22.054000,Finished,2.0
2024,6,22,Y TSUNODA,TSU,tsunoda,RB,6692FF,rb,Yuki,Tsunoda,Yuki Tsunoda,https://media.formula1.com/d_driver_fallback_image.png/content/dam/fom-website/drivers/Y/YUKTSU01_Yuki_Tsunoda/yuktsu01.png.transform/1col/image.png,JPN,8.0,8,15.0,,,,0 days 00:00:29.816000,Finished,1.0
2024,6,10,P GASLY,GAS,gasly,Alpine,0093cc,alpine,Pierre,Gasly,Pierre Gasly,https://media.formula1.com/d_driver_fallback_image.png/content/dam/fom-website/drivers/P/PIEGAS01_Pierre_Gasly/piegas01.png.transform/1col/image.png,FRA,9.0,9,16.0,,,,0 days 00:00:31.880000,Finished,0.0
2024,6,2,L SARGEANT,SAR,sargeant,Williams,64C4FF,williams,Logan,Sargeant,Logan Sargeant,https://media.formula1.com/d_driver_fallback_image.png/content/dam/fom-website/drivers/L/LOGSAR01_Logan_Sargeant/logsar01.png.transform/1col/image.png,USA,10.0,10,18.0,,,,0 days 00:00:34.355000,Finished,0.0
2024,6,24,G ZHOU,ZHO,zhou,Kick Sauber,52e252,sauber,Guanyu,Zhou,Guanyu Zhou,https://media.formula1.com/d_driver_fallback_image.png/content/dam/fom-website/drivers/G/GUAZHO01_Guanyu_Zhou/guazho01.png.transform/1col/image.png,CHN,11.0,11,17.0,,,,0 days 00:00:35.078000,Finished,0.0
2024,6,63,G RUSSELL,RUS,russell,Mercedes,27F4D2,mercedes,George,Russell,George Russell,https://media.formula1.com/d_driver_fallback_image.png/content/dam/fom-website/drivers/G/GEORUS01_George_Russell/georus01.png.transform/1col/image.png,GBR,12.0,12,11.0,,,,0 days 00:00:35.755000,Finished,0.0
2024,6,23,A ALBON,ALB,albon,Williams,64C4FF,williams,Alexander,Albon,Alexander Albon,https://media.formula1.com/d_driver_fallback_image.png/content/dam/fom-website/drivers/A/ALEALB01_Alexander_Albon/alealb01.png.transform/1col/image.png,THA,13.0,13,20.0,,,,0 days 00:00:36.086000,Finished,0.0
2024,6,77,V BOTTAS,BOT,bottas,Kick Sauber,52e252,sauber,Valtteri,Bottas,Valtteri Bottas,https://media.formula1.com/d_driver_fallback_image.png/content/dam/fom-website/drivers/V/VALBOT01_Valtteri_Bottas/valbot01.png.transform/1col/image.png,FIN,14.0,14,19.0,,,,0 days 00:00:36.892000,Finished,0.0
2024,6,31,E OCON,OCO,ocon,Alpine,0093cc,alpine,Esteban,Ocon,Esteban Ocon,https://media.formula1.com/d_driver_fallback_image.png/content/dam/fom-website/drivers/E/ESTOCO01_Esteban_Ocon/estoco01.png.transform/1col/image.png,FRA,15.0,15,13.0,,,,0 days 00:00:37.740000,Finished,0.0
2024,6,44,L HAMILTON,HAM,hamilton,Mercedes,27F4D2,mercedes,Lewis,Hamilton,Lewis Hamilton,https://media.formula1.com/d_driver_fallback_image.png/content/dam/fom-website/drivers/L/LEWHAM01_Lewis_Hamilton/lewham01.png.transform/1col/image.png,GBR,16.0,16,12.0,,,,0 days 00:00:49.347000,Finished,0.0
2024,6,14,F ALONSO,ALO,alonso,Aston Martin,229971,aston_martin,Fernando,Alonso,Fernando Alonso,https://media.formula1.com/d_driver_fallback_image.png/content/dam/fom-website/drivers/F/FERALO01_Fernando_Alonso/feralo01.png.transform/1col/image.png,ESP,17.0,17,8.0,,,,0 days 00:00:59.409000,Finished,0.0
2024,6,20,K MAGNUSSEN,MAG,kevin_magnussen,Haas F1 Team,B6BABD,haas,Kevin,Magnussen,Kevin Magnussen,https://media.formula1.com/d_driver_fallback_image.png/content/dam/fom-website/drivers/K/KEVMAG01_Kevin_Magnussen/kevmag01.png.transform/1col/image.png,DEN,18.0,18,14.0,,,,0 days 00:01:06.303000,Finished,0.0
2024,6,18,L STROLL,STR,stroll,Aston Martin,229971,aston_martin,Lance,Stroll,Lance Stroll,https://media.formula1.com/d_driver_fallback_image.png/content/dam/fom-website/drivers/L/LANSTR01_Lance_Stroll/lanstr01.png.transform/1col/image.png,CAN,19.0,19,7.0,,,,,Retired,0.0
2024,6,4,L NORRIS,NOR,norris,McLaren,FF8000,mclaren,Lando,Norris,Lando Norris,https://media.formula1.com/d_driver_fallback_image.png/content/dam/fom-website/drivers/L/LANNOR01_Lando_Norris/lannor01.png.transform/1col/image.png,GBR,20.0,20,9.0,,,,,Retired,0.0
2024,11,1,M VERSTAPPEN,VER,max_verstappen,Red Bull Racing,3671C6,red_bull,Max,Verstappen,Max Verstappen,https://media.formula1.com/d_driver_fallback_image.png/content/dam/fom-website/drivers/M/MAXVER01_Max_Verstappen/maxver01.png.transform/1col/image.png,NED,1.0,1,1.0,,,,0 days 00:26:41.389000,Finished,8.0
2024,11,81,O PIASTRI,PIA,piastri,McLaren,FF8000,mclaren,Oscar,Piastri,Oscar Piastri,https://media.formula1.com/d_driver_fallback_image.png/content/dam/fom-website/drivers/O/OSCPIA01_Oscar_Piastri/oscpia01.png.transform/1col/image.png,AUS,2.0,2,3.0,,,,0 days 00:00:04.616000,Finished,7.0
2024,11,4,L NORRIS,NOR,norris,McLaren,FF8000,mclaren,Lando,Norris,Lando Norris,https://media.formula1.com/d_driver_fallback_image.png/content/dam/fom-website/drivers/L/LANNOR01_Lando_Norris/lannor01.png.transform/1col/image.png,GBR,3.0,3,2.0,,,,0 days 00:00:05.348000,Finished,6.0
2024,11,63,G RUSSELL,RUS,russell,Mercedes,27F4D2,mercedes,George,Russell,George Russell,https://media.formula1.com/d_driver_fallback_image.png/content/dam/fom-website/drivers/G/GEORUS01_George_Russell/georus01.png.transform/1col/image.png,GBR,4.0,4,4.0,,,,0 days 00:00:08.354000,Finished,5.0
2024,11,55,C SAINZ,SAI,sainz,Ferrari,E80020,ferrari,Carlos,Sainz,Carlos Sainz,https://media.formula1.com/d_driver_fallback_image.png/content/dam/fom-website/drivers/C/CARSAI01_Carlos_Sainz/carsai01.png.transform/1col/image.png,ESP,5.0,5,5.0,,,,0 days 00:00:09.989000,Finished,4.0
2024,11,44,L HAMILTON,HAM,hamilton,Mercedes,27F4D2,mercedes,Lewis,Hamilton,Lewis Hamilton,https://media.formula1.com/d_driver_fallback_image.png/content/dam/fom-website/drivers/L/LEWHAM01_Lewis_Hamilton/lewham01.png.transform/1col/image.png,GBR,6.0,6,6.0,,,,0 days 00:00:11.207000,Finished,3.0
2024,11,16,C LECLERC,LEC,leclerc,Ferrari,E80020,ferrari,Charles,Leclerc,Charles Leclerc,https://media.formula1.com/d_driver_fallback_image.png/content/dam/fom-website/drivers/C/CHALEC01_Charles_Leclerc/chalec01.png.transform/1col/image.png,MON,7.0,7,10.0,,,,0 days 00:00:13.424000,Finished,2.0
2024,11,11,S PEREZ,PER,perez,Red Bull Racing,3671C6,red_bull,Sergio,Perez,Sergio Perez,https://media.formula1.com/d_driver_fallback_image.png/content/dam/fom-website/drivers/S/SERPER01_Sergio_Perez/serper01.png.transform/1col/image.png,MEX,8.0,8,7.0,,,,0 days 00:00:17.409000,Finished,1.0
2024,11,20,K MAGNUSSEN,MAG,kevin_magnussen,Haas F1 Team,B6BABD,haas,Kevin,Magnussen,Kevin Magnussen,https://media.formula1.com/d_driver_fallback_image.png/content/dam/fom-website/drivers/K/KEVMAG01_Kevin_Magnussen/kevmag01.png.transform/1col/image.png,DEN,9.0,9,11.0,,,,0 days 00:00:24.067000,Finished,0.0
2024,11,18,L STROLL,STR,stroll,Aston Martin,229971,aston_martin,Lance,Stroll,Lance Stroll,https://media.formula1.com/d_driver_fallback_image.png/content/dam/fom-website/drivers/L/LANSTR01_Lance_Stroll/lanstr01.png.transform/1col/image.png,CAN,10.0,10,12.0,,,,0 days 00:00:30.175000,Finished,0.0
2024,11,31,E OCON,OCO,ocon,Alpine,0093cc,alpine,Esteban,Ocon,Esteban Ocon,https://media.formula1.com/d_driver_fallback_image.png/content/dam/fom-website/drivers/E/ESTOCO01_Esteban_Ocon/estoco01.png.transform/1col/image.png,FRA,11.0,11,8.0,,,,0 days 00:00:30.839000,Finished,0.0
2024,11,10,P GASLY,GAS,gasly,Alpine,0093cc,alpine,Pierre,Gasly,Pierre Gasly,https://media.formula1.com/d_driver_fallback_image.png/content/dam/fom-website/drivers/P/PIEGAS01_Pierre_Gasly/piegas01.png.transform/1col/image.png,FRA,12.0,12,9.0,,,,0 days 00:00:31.308000,Finished,0.0
2024,11,22,Y TSUNODA,TSU,tsunoda,RB,6692FF,rb,Yuki,Tsunoda,Yuki Tsunoda,https://media.formula1.com/d_driver_fallback_image.png/content/dam/fom-website/drivers/Y/YUKTSU01_Yuki_Tsunoda/yuktsu01.png.transform/1col/image.png,JPN,13.0,13,14.0,,,,0 days 00:00:35.452000,Finished,0.0
2024,11,3,D RICCIARDO,RIC,ricciardo,RB,6692FF,rb,Daniel,Ricciardo,Daniel Ricciardo,https://media.formula1.com/d_driver_fallback_image.png/content/dam/fom-website/drivers/D/DANRIC01_Daniel_Ricciardo/danric01.png.transform/1col/image.png,AUS,14.0,14,16.0,,,,0 days 00:00:39.397000,Finished,0.0
2024,11,14,F ALONSO,ALO,alonso,Aston Martin,229971,aston_martin,Fernando,Alonso,Fernando Alonso,https://media.formula1.com/d_driver_fallback_image.png/content/dam/fom-website/drivers/F/FERALO01_Fernando_Alonso/feralo01.png.transform/1col/image.png,ESP,15.0,15,13.0,,,,0 days 00:00:43.155000,Finished,0.0
2024,11,2,L SARGEANT,SAR,sargeant,Williams,64C4FF,williams,Logan,Sargeant,Logan Sargeant,https://media.formula1.com/d_driver_fallback_image.png/content/dam/fom-website/drivers/L/LOGSAR01_Logan_Sargeant/logsar01.png.transform/1col/image.png,USA,16.0,16,15.0,,,,0 days 00:00:44.076000,Finished,0.0
2024,11,23,A ALBON,ALB,albon,Williams,64C4FF,williams,Alexander,Albon,Alexander Albon,https://media.formula1.com/d_driver_fallback_image.png/content/dam/fom-website/drivers/A/ALEALB01_Alexander_Albon/alealb01.png.transform/1col/image.png,THA,17.0,17,0.0,,,,0 days 00:00:44.673000,Finished,0.0
2024,11,77,V BOTTAS,BOT,bottas,Kick Sauber,52e252,sauber,Valtteri,Bottas,Valtteri Bottas,https://media.formula1.com/d_driver_fallback_image.png/content/dam/fom-website/drivers/V/VALBOT01_Valtteri_Bottas/valbot01.png.transform/1col/image.png,FIN,18.0,18,18.0,,,,0 days 00:00:46.511000,Finished,0.0
2024,11,27,N HULKENBERG,HUL,hulkenberg,Haas F1 Team,B6BABD,haas,Nico,Hulkenberg,Nico Hulkenberg,https://media.formula1.com/d_driver_fallback_image.png/content/dam/fom-website/drivers/N/NICHUL01_Nico_Hulkenberg/nichul01.png.transform/1col/image.png,GER,19.0,19,17.0,,,,0 days 00:00:48.423000,Finished,0.0
2024,11,24,G ZHOU,ZHO,zhou,Kick Sauber,52e252,sauber,Guanyu,Zhou,Guanyu Zhou,https://media.formula1.com/d_driver_fallback_image.png/content/dam/fom-website/drivers/G/GUAZHO01_Guanyu_Zhou/guazho01.png.transform/1col/image.png,CHN,20.0,20,19.0,,,,0 days 00:00:53.143000,Finished,0.0
2024,19,1,M VERSTAPPEN,VER,max_verstappen,Red Bull Racing,3671C6,red_bull,Max,Verstappen,Max Verstappen,https://media.formula1.com/d_driver_fallback_image.png/content/dam/fom-website/drivers/M/MAXVER01_Max_Verstappen/maxver01.png.transform/1col/image.png,NED,1.0,1,1.0,,,,0 days 00:31:06.146000,Finished,8.0
2024,19,55,C SAINZ,SAI,sainz,Ferrari,E80020,ferrari,Carlos,Sainz,Carlos Sainz,https://media.formula1.com/d_driver_fallback_image.png/content/dam/fom-website/drivers/C/CARSAI01_Carlos_Sainz/carsai01.png.transform/1col/image.png,ESP,2.0,2,5.0,,,,0 days 00:00:03.882000,Finished,7.0
2024,19,4,L NORRIS,NOR,norris,McLaren,FF8000,mclaren,Lando,Norris,Lando Norris,https://media.formula1.com/d_driver_fallback_image.png/content/dam/fom-website/drivers/L/LANNOR01_Lando_Norris/lannor01.png.transform/1col/image.png,GBR,3.0,3,4.0,,,,0 days 00:00:06.240000,Finished,6.0
2024,19,16,C LECLERC,LEC,leclerc,Ferrari,E80020,ferrari,Charles,Leclerc,Charles Leclerc,https://media.formula1.com/d_driver_fallback_image.png/content/dam/fom-website/drivers/C/CHALEC01_Charles_Leclerc/chalec01.png.transform/1col/image.png,MON,4.0,4,3.0,,,,0 days 00:00:06.956000,Finished,5.0
2024,19,63,G RUSSELL,RUS,russell,Mercedes,27F4D2,mercedes,George,Russell,George Russell,https://media.formula1.com/d_driver_fallback_image.png/content/dam/fom-website/drivers/G/GEORUS01_George_Russell/georus01.png.transform/1col/image.png,GBR,5.0,5,2.0,,,,0 days 00:00:15.766000,Finished,4.0
2024,19,44,L HAMILTON,HAM,hamilton,Mercedes,27F4D2,mercedes,Lewis,Hamilton,Lewis Hamilton,https://media.formula1.com/d_driver_fallback_image.png/content/dam/fom-website/drivers/L/LEWHAM01_Lewis_Hamilton/lewham01.png.transform/1col/image.png,GBR,6.0,6,7.0,,,,0 days 00:00:18.724000,Finished,3.0
2024,19,20,K MAGNUSSEN,MAG,kevin_magnussen,Haas F1 Team,B6BABD,haas,Kevin,Magnussen,Kevin Magnussen,https://media.formula1.com/d_driver_fallback_image.png/content/dam/fom-website/drivers/K/KEVMAG01_Kevin_Magnussen/kevmag01.png.transform/1col/image.png,DEN,7.0,7,8.0,,,,0 days 00:00:25.161000,Finished,2.0
2024,19,27,N HULKENBERG,HUL,hulkenberg,Haas F1 Team,B6BABD,haas,Nico,Hulkenberg,Nico Hulkenberg,https://media.formula1.com/d_driver_fallback_image.png/content/dam/fom-website/drivers/N/NICHUL01_Nico_Hulkenberg/nichul01.png.transform/1col/image.png,GER,8.0,8,6.0,,,,0 days 00:00:26.588000,Finished,1.0
2024,19,11,S PEREZ,PER,perez,Red Bull Racing,3671C6,red_bull,Sergio,Perez,Sergio Perez,https://media.formula1.com/d_driver_fallback_image.png/content/dam/fom-website/drivers/S/SERPER01_Sergio_Perez/serper01.png.transform/1col/image.png,MEX,9.0,9,11.0,,,,0 days 00:00:29.950000,Finished,0.0
2024,19,81,O PIASTRI,PIA,piastri,McLaren,FF8000,mclaren,Oscar,Piastri,Oscar Piastri,https://media.formula1.com/d_driver_fallback_image.png/content/dam/fom-website/drivers/O/OSCPIA01_Oscar_Piastri/oscpia01.png.transform/1col/image.png,AUS,10.0,10,16.0,,,,0 days 00:00:37.059000,Finished,0.0
2024,19,22,Y TSUNODA,TSU,tsunoda,RB,6692FF,rb,Yuki,Tsunoda,Yuki Tsunoda,https://media.formula1.com/d_driver_fallback_image.png/content/dam/fom-website/drivers/Y/YUKTSU01_Yuki_Tsunoda/yuktsu01.png.transform/1col/image.png,JPN,11.0,11,9.0,,,,0 days 00:00:38.363000,Finished,0.0
2024,19,43,F COLAPINTO,COL,colapinto,Williams,64C4FF,williams,Franco,Colapinto,Franco Colapinto,None,ARG,12.0,12,10.0,,,,0 days 00:00:39.460000,Finished,0.0
2024,19,18,L STROLL,STR,stroll,Aston Martin,229971,aston_martin,Lance,Stroll,Lance Stroll,https://media.formula1.com/d_driver_fallback_image.png/content/dam/fom-website/drivers/L/LANSTR01_Lance_Stroll/lanstr01.png.transform/1col/image.png,CAN,13.0,13,13.0,,,,0 days 00:00:41.236000,Finished,0.0
2024,19,10,P GASLY,GAS,gasly,Alpine,0093cc,alpine,Pierre,Gasly,Pierre Gasly,https://media.formula1.com/d_driver_fallback_image.png/content/dam/fom-website/drivers/P/PIEGAS01_Pierre_Gasly/piegas01.png.transform/1col/image.png,FRA,14.0,14,12.0,,,,0 days 00:00:41.995000,Finished,0.0
2024,19,31,E OCON,OCO,ocon,Alpine,0093cc,alpine,Esteban,Ocon,Esteban Ocon,https://media.formula1.com/d_driver_fallback_image.png/content/dam/fom-website/drivers/E/ESTOCO01_Esteban_Ocon/estoco01.png.transform/1col/image.png,FRA,15.0,15,17.0,,,,0 days 00:00:42.804000,Finished,0.0
2024,19,30,L LAWSON,LAW,lawson,RB,6692FF,rb,Liam,Lawson,Liam Lawson,None,NZL,16.0,16,15.0,,,,0 days 00:00:44.008000,Finished,0.0
2024,19,23,A ALBON,ALB,albon,Williams,64C4FF,williams,Alexander,Albon,Alexander Albon,https://media.formula1.com/d_driver_fallback_image.png/content/dam/fom-website/drivers/A/ALEALB01_Alexander_Albon/alealb01.png.transform/1col/image.png,THA,17.0,17,0.0,,,,0 days 00:00:44.564000,Finished,0.0
2024,19,14,F ALONSO,ALO,alonso,Aston Martin,229971,aston_martin,Fernando,Alonso,Fernando Alonso,https://media.formula1.com/d_driver_fallback_image.png/content/dam/fom-website/drivers/F/FERALO01_Fernando_Alonso/feralo01.png.transform/1col/image.png,ESP,18.0,18,14.0,,,,0 days 00:00:46.807000,Finished,0.0
2024,19,24,G ZHOU,ZHO,zhou,Kick Sauber,52e252,sauber,Guanyu,Zhou,Guanyu Zhou,https://media.formula1.com/d_driver_fallback_image.png/content/dam/fom-website/drivers/G/GUAZHO01_Guanyu_Zhou/guazho01.png.transform/1col/image.png,CHN,19.0,19,19.0,,,,0 days 00:00:52.842000,Finished,0.0
2024,19,77,V BOTTAS,BOT,bottas,Kick Sauber,52e252,sauber,Valtteri,Bottas,Valtteri Bottas,https://media.formula1.com/d_driver_fallback_image.png/content/dam/fom-website/drivers/V/VALBOT01_Valtteri_Bottas/valbot01.png.transform/1col/image.png,FIN,20.0,20,18.0,,,,0 days 00:00:54.476000,Finished,0.0
2024,21,4,L NORRIS,NOR,norris,McLaren,FF8000,mclaren,Lando,Norris,Lando Norris,https://media.formula1.com/d_driver_fallback_image.png/content/dam/fom-website/drivers/L/LANNOR01_Lando_Norris/lannor01.png.transform/1col/image.png,GBR,1.0,1,2.0,,,,0 days 00:29:46.045000,Finished,8.0
2024,21,81,O PIASTRI,PIA,piastri,McLaren,FF8000,mclaren,Oscar,Piastri,Oscar Piastri,https://media.formula1.com/d_driver_fallback_image.png/content/dam/fom-website/drivers/O/OSCPIA01_Oscar_Piastri/oscpia01.png.transform/1col/image.png,AUS,2.0,2,1.0,,,,0 days 00:00:00.593000,Finished,7.0
2024,21,16,C LECLERC,LEC,leclerc,Ferrari,E80020,ferrari,Charles,Leclerc,Charles Leclerc,https://media.formula1.com/d_driver_fallback_image.png/content/dam/fom-website/drivers/C/CHALEC01_Charles_Leclerc/chalec01.png.transform/1col/image.png,MON,3.0,3,3.0,,,,0 days 00:00:05.656000,Finished,6.0
2024,21,1,M VERSTAPPEN,VER,max_verstappen,Red Bull Racing,3671C6,red_bull,Max,Verstappen,Max Verstappen,https://media.formula1.com/d_driver_fallback_image.png/content/dam/fom-website/drivers/M/MAXVER01_Max_Verstappen/maxver01.png.transform/1col/image.png,NED,4.0,4,4.0,,,,0 days 00:00:06.497000,Finished,5.0
2024,21,55,C SAINZ,SAI,sainz,Ferrari,E80020,ferrari,Carlos,Sainz,Carlos Sainz,https://media.formula1.com/d_driver_fallback_image.png/content/dam/fom-website/drivers/C/CARSAI01_Carlos_Sainz/carsai01.png.transform/1col/image.png,ESP,5.0,5,5.0,,,,0 days 00:00:07.224000,Finished,4.0
2024,21,63,G RUSSELL,RUS,russell,Mercedes,27F4D2,mercedes,George,Russell,George Russell,https://media.formula1.com/d_driver_fallback_image.png/content/dam/fom-website/drivers/G/GEORUS01_George_Russell/georus01.png.transform/1col/image.png,GBR,6.0,6,6.0,,,,0 days 00:00:12.475000,Finished,3.0
2024,21,10,P GASLY,GAS,gasly,Alpine,0093cc,alpine,Pierre,Gasly,Pierre Gasly,https://media.formula1.com/d_driver_fallback_image.png/content/dam/fom-website/drivers/P/PIEGAS01_Pierre_Gasly/piegas01.png.transform/1col/image.png,FRA,7.0,7,7.0,,,,0 days 00:00:18.161000,Finished,2.0
2024,21,11,S PEREZ,PER,perez,Red Bull Racing,3671C6,red_bull,Sergio,Perez,Sergio Perez,https://media.formula1.com/d_driver_fallback_image.png/content/dam/fom-website/drivers/S/SERPER01_Sergio_Perez/serper01.png.transform/1col/image.png,MEX,8.0,8,13.0,,,,0 days 00:00:18.717000,Finished,1.0
2024,21,30,L LAWSON,LAW,lawson,RB,6692FF,rb,Liam,Lawson,Liam Lawson,None,NZL,9.0,9,8.0,,,,0 days 00:00:20.773000,Finished,0.0
2024,21,23,A ALBON,ALB,albon,Williams,64C4FF,williams,Alexander,Albon,Alexander Albon,https://media.formula1.com/d_driver_fallback_image.png/content/dam/fom-website/drivers/A/ALEALB01_Alexander_Albon/alealb01.png.transform/1col/image.png,THA,10.0,10,9.0,,,,0 days 00:00:24.606000,Finished,0.0
2024,21,44,L HAMILTON,HAM,hamilton,Mercedes,27F4D2,mercedes,Lewis,Hamilton,Lewis Hamilton,https://media.formula1.com/d_driver_fallback_image.png/content/dam/fom-website/drivers/L/LEWHAM01_Lewis_Hamilton/lewham01.png.transform/1col/image.png,GBR,11.0,11,11.0,,,,0 days 00:00:29.764000,Finished,0.0
2024,21,43,F COLAPINTO,COL,colapinto,Williams,64C4FF,williams,Franco,Colapinto,Franco Colapinto,None,ARG,12.0,12,14.0,,,,0 days 00:00:33.233000,Finished,0.0
2024,21,31,E OCON,OCO,ocon,Alpine,0093cc,alpine,Esteban,Ocon,Esteban Ocon,https://media.formula1.com/d_driver_fallback_image.png/content/dam/fom-website/drivers/E/ESTOCO01_Esteban_Ocon/estoco01.png.transform/1col/image.png,FRA,13.0,13,16.0,,,,0 days 00:00:34.128000,Finished,0.0
2024,21,50,O BEARMAN,BEA,bearman,Haas F1 Team,B6BABD,haas,Oliver,Bearman,Oliver Bearman,None,GBR,14.0,14,10.0,,,,0 days 00:00:35.507000,Finished,0.0
2024,21,22,Y TSUNODA,TSU,tsunoda,RB,6692FF,rb,Yuki,Tsunoda,Yuki Tsunoda,https://media.formula1.com/d_driver_fallback_image.png/content/dam/fom-website/drivers/Y/YUKTSU01_Yuki_Tsunoda/yuktsu01.png.transform/1col/image.png,JPN,15.0,15,17.0,,,,0 days 00:00:41.374000,Finished,0.0
2024,21,77,V BOTTAS,BOT,bottas,Kick Sauber,52e252,sauber,Valtteri,Bottas,Valtteri Bottas,https://media.formula1.com/d_driver_fallback_image.png/content/dam/fom-website/drivers/V/VALBOT01_Valtteri_Bottas/valbot01.png.transform/1col/image.png,FIN,16.0,16,15.0,,,,0 days 00:00:43.231000,Finished,0.0
2024,21,24,G ZHOU,ZHO,zhou,Kick Sauber,52e252,sauber,Guanyu,Zhou,Guanyu Zhou,https://media.formula1.com/d_driver_fallback_image.png/content/dam/fom-website/drivers/G/GUAZHO01_Guanyu_Zhou/guazho01.png.transform/1col/image.png,CHN,17.0,17,0.0,,,,0 days 00:00:54.139000,Finished,0.0
2024,21,14,F ALONSO,ALO,alonso,Aston Martin,229971,aston_martin,Fernando,Alonso,Fernando Alonso,https://media.formula1.com/d_driver_fallback_image.png/content/dam/fom-website/drivers/F/FERALO01_Fernando_Alonso/feralo01.png.transform/1col/image.png,ESP,18.0,18,0.0,,,,0 days 00:00:56.537000,Finished,0.0
2024,21,18,L STROLL,STR,stroll,Aston Martin,229971,aston_martin,Lance,Stroll,Lance Stroll,https://media.formula1.com/d_driver_fallback_image.png/content/dam/fom-website/drivers/L/LANSTR01_Lance_Stroll/lanstr01.png.transform/1col/image.png,CAN,19.0,19,0.0,,,,0 days 00:00:57.983000,Finished,0.0
2024,21,27,N HULKENBERG,HUL,hulkenberg,Haas F1 Team,B6BABD,haas,Nico,Hulkenberg,Nico Hulkenberg,https://media.formula1.com/d_driver_fallback_image.png/content/dam/fom-website/drivers/N/NICHUL01_Nico_Hulkenberg/nichul01.png.transform/1col/image.png,GER,20.0,20,12.0,,,,,Exhaust,0.0
2024,23,81,O PIASTRI,PIA,piastri,McLaren,FF8000,mclaren,Oscar,Piastri,Oscar Piastri,https://media.formula1.com/d_driver_fallback_image.png/content/dam/fom-website/drivers/O/OSCPIA01_Oscar_Piastri/oscpia01.png.transform/1col/image.png,AUS,1.0,1,3.0,,,,0 days 00:27:03.010000,Finished,8.0
2024,23,4,L NORRIS,NOR,norris,McLaren,FF8000,mclaren,Lando,Norris,Lando Norris,https://media.formula1.com/d_driver_fallback_image.png/content/dam/fom-website/drivers/L/LANNOR01_Lando_Norris/lannor01.png.transform/1col/image.png,GBR,2.0,2,1.0,,,,0 days 00:00:00.136000,Finished,7.0
2024,23,63,G RUSSELL,RUS,russell,Mercedes,27F4D2,mercedes,George,Russell,George Russell,https://media.formula1.com/d_driver_fallback_image.png/content/dam/fom-website/drivers/G/GEORUS01_George_Russell/georus01.png.transform/1col/image.png,GBR,3.0,3,2.0,,,,0 days 00:00:00.410000,Finished,6.0
2024,23,55,C SAINZ,SAI,sainz,Ferrari,E80020,ferrari,Carlos,Sainz,Carlos Sainz,https://media.formula1.com/d_driver_fallback_image.png/content/dam/fom-website/drivers/C/CARSAI01_Carlos_Sainz/carsai01.png.transform/1col/image.png,ESP,4.0,4,4.0,,,,0 days 00:00:01.326000,Finished,5.0
2024,23,16,C LECLERC,LEC,leclerc,Ferrari,E80020,ferrari,Charles,Leclerc,Charles Leclerc,https://media.formula1.com/d_driver_fallback_image.png/content/dam/fom-website/drivers/C/CHALEC01_Charles_Leclerc/chalec01.png.transform/1col/image.png,MON,5.0,5,5.0,,,,0 days 00:00:05.073000,Finished,4.0
2024,23,44,L HAMILTON,HAM,hamilton,Mercedes,27F4D2,mercedes,Lewis,Hamilton,Lewis Hamilton,https://media.formula1.com/d_driver_fallback_image.png/content/dam/fom-website/drivers/L/LEWHAM01_Lewis_Hamilton/lewham01.png.transform/1col/image.png,GBR,6.0,6,7.0,,,,0 days 00:00:05.650000,Finished,3.0
2024,23,27,N HULKENBERG,HUL,hulkenberg,Haas F1 Team,B6BABD,haas,Nico,Hulkenberg,Nico Hulkenberg,https://media.formula1.com/d_driver_fallback_image.png/content/dam/fom-website/drivers/N/NICHUL01_Nico_Hulkenberg/nichul01.png.transform/1col/image.png,GER,7.0,7,9.0,,,,0 days 00:00:08.508000,Finished,2.0
2024,23,1,M VERSTAPPEN,VER,max_verstappen,Red Bull Racing,3671C6,red_bull,Max,Verstappen,Max Verstappen,https://media.formula1.com/d_driver_fallback_image.png/content/dam/fom-website/drivers/M/MAXVER01_Max_Verstappen/maxver01.png.transform/1col/image.png,NED,8.0,8,6.0,,,,0 days 00:00:10.368000,Finished,1.0
2024,23,10,P GASLY,GAS,gasly,Alpine,0093cc,alpine,Pierre,Gasly,Pierre Gasly,https://media.formula1.com/d_driver_fallback_image.png/content/dam/fom-website/drivers/P/PIEGAS01_Pierre_Gasly/piegas01.png.transform/1col/image.png,FRA,9.0,9,8.0,,,,0 days 00:00:14.513000,Finished,0.0
2024,23,20,K MAGNUSSEN,MAG,kevin_magnussen,Haas F1 Team,B6BABD,haas,Kevin,Magnussen,Kevin Magnussen,https://media.formula1.com/d_driver_fallback_image.png/content/dam/fom-website/drivers/K/KEVMAG01_Kevin_Magnussen/kevmag01.png.transform/1col/image.png,DEN,10.0,10,15.0,,,,0 days 00:00:15.485000,Finished,0.0
2024,23,14,F ALONSO,ALO,alonso,Aston Martin,229971,aston_martin,Fernando,Alonso,Fernando Alonso,https://media.formula1.com/d_driver_fallback_image.png/content/dam/fom-website/drivers/F/FERALO01_Fernando_Alonso/feralo01.png.transform/1col/image.png,ESP,11.0,11,11.0,,,,0 days 00:00:19.204000,Finished,0.0
2024,23,77,V BOTTAS,BOT,bottas,Kick Sauber,52e252,sauber,Valtteri,Bottas,Valtteri Bottas,https://media.formula1.com/d_driver_fallback_image.png/content/dam/fom-website/drivers/V/VALBOT01_Valtteri_Bottas/valbot01.png.transform/1col/image.png,FIN,12.0,12,13.0,,,,0 days 00:00:23.351000,Finished,0.0
2024,23,18,L STROLL,STR,stroll,Aston Martin,229971,aston_martin,Lance,Stroll,Lance Stroll,https://media.formula1.com/d_driver_fallback_image.png/content/dam/fom-website/drivers/L/LANSTR01_Lance_Stroll/lanstr01.png.transform/1col/image.png,CAN,13.0,13,14.0,,,,0 days 00:00:24.421000,Finished,0.0
2024,23,31,E OCON,OCO,ocon,Alpine,0093cc,alpine,Esteban,Ocon,Esteban Ocon,https://media.formula1.com/d_driver_fallback_image.png/content/dam/fom-website/drivers/E/ESTOCO01_Esteban_Ocon/estoco01.png.transform/1col/image.png,FRA,14.0,14,17.0,,,,0 days 00:00:30.379000,Finished,0.0
2024,23,23,A ALBON,ALB,albon,Williams,64C4FF,williams,Alexander,Albon,Alexander Albon,https://media.formula1.com/d_driver_fallback_image.png/content/dam/fom-website/drivers/A/ALEALB01_Alexander_Albon/alealb01.png.transform/1col/image.png,THA,15.0,15,12.0,,,,0 days 00:00:33.062000,Finished,0.0
2024,23,30,L LAWSON,LAW,lawson,RB,6692FF,rb,Liam,Lawson,Liam Lawson,None,NZL,16.0,16,10.0,,,,0 days 00:00:34.356000,Finished,0.0
2024,23,22,Y TSUNODA,TSU,tsunoda,RB,6692FF,rb,Yuki,Tsunoda,Yuki Tsunoda,https://media.formula1.com/d_driver_fallback_image.png/content/dam/fom-website/drivers/Y/YUKTSU01_Yuki_Tsunoda/yuktsu01.png.transform/1col/image.png,JPN,17.0,17,16.0,,,,0 days 00:00:35.102000,Finished,0.0
2024,23,43,F COLAPINTO,COL,colapinto,Williams,64C4FF,williams,Franco,Colapinto,Franco Colapinto,None,ARG,18.0,18,0.0,,,,0 days 00:00:35.639000,Finished,0.0
2024,23,24,G ZHOU,ZHO,zhou,Kick Sauber,52e252,sauber,Guanyu,Zhou,Guanyu Zhou,https://media.formula1.com/d_driver_fallback_image.png/content/dam/fom-website/drivers/G/GUAZHO01_Guanyu_Zhou/guazho01.png.transform/1col/image.png,CHN,19.0,19,18.0,,,,0 days 00:01:11.436000,Finished,0.0
2024,23,11,S PEREZ,PER,perez,Red Bull Racing,3671C6,red_bull,Sergio,Perez,Sergio Perez,https://media.formula1.com/d_driver_fallback_image.png/content/dam/fom-website/drivers/S/SERPER01_Sergio_Perez/serper01.png.transform/1col/image.png,MEX,20.0,20,0.0,,,,0 days 00:01:14.371000,Finished,0.0
